,file,time,rv,e_rv,exptime,airmass,berv,inst,fwhm,e_fwhm,contrast,e_contrast,bis,ha,caii,CCF FWHM [km/s] Raw,CCF FWHM [km/s] Correction,CCF Contrast Raw,rv_fit,residuals
0,DS1.001_spec_harpsn.fits,59337.99351761255,7.61348510177794,0.104,300.0,1.125064607679363,-0.58113114585551,harpsn,6.919594180754252,0.0121891266012885,-453570.0112403727,543.0213229658852,-46.46666666600818,0.1738252571140728,0.1000341710439476,6.856131908420094,0.9350074227897556,-457768.3819777549,8.662765979038943,-1.049280877261003
1,DS1.002_spec_harpsn.fits,59337.99727803373,7.697485101777943,0.103,300.0,1.130286538716572,-0.590573336366681,harpsn,6.920891042078483,0.0122971603098788,-453546.9462774083,547.7085158940819,-45.41666666600808,0.1727737588242232,0.1006529486449455,6.857441173195194,0.9350044772564046,-457743.4816244712,8.678776941293638,-0.9812918395156949
2,DS1.003_spec_harpsn.fits,59338.004790102575,10.239485101777973,0.103,300.0,1.1427261542207447,-0.609292805922928,harpsn,6.91957403889784,0.0122705340409588,-453441.1112743525,546.4043209152727,-43.39999999934136,0.1749953709788476,0.107123767146675,6.856112784285622,0.9349985930172394,-457638.23327622266,8.710846905226715,1.5286381965512579
3,DS1.004_spec_expres.fits,59338.3017950247,10.673015688163872,0.11,185.27099999999916,1.306683064778232,-4.3670923603018e-06,expres,6.781068063866734,0.0153021201676163,-349450.2056360432,544.1821921490829,-57.13333333268744,0.1722162178088912,0.1030565961953515,6.692954071030757,1.0896099714421472,-354050.7829878616,9.976948004973648,0.6960676831902237
4,DS1.005_spec_expres.fits,59338.3043592447,10.135015688163875,0.11,185.8879989999995,1.317263445481414,-4.3851661114011e-06,expres,6.778577919633392,0.0155463667825562,-349661.9539652908,553.3706356869255,-55.63333333268751,0.1723232098814215,0.1009851097099672,6.690431512618247,1.0896076300696906,-354268.7487368696,9.987082011152518,0.1479336770113573
5,DS1.006_spec_expres.fits,59338.3069227147,10.556015688163868,0.11,185.2790010000089,1.328377335009296,-4.4030763119735e-06,expres,6.780198194483009,0.015192297967779,-349566.0129855454,540.5239196247421,-53.14999999935609,0.1728280567879799,0.0937398485605101,6.692073510492506,1.0896052893755417,-354169.2789807368,9.99718665860751,0.5588290295563567
6,DS1.007_spec_neid.fits,59340.14277101166,7.125444958673,0.116,54.813778,1.2887110900583705,,neid,6.959484594476129,0.0167196590408059,-359674.730417772,588.5107131062493,-48.44999999933928,0.1712249834671667,0.0988229002088822,6.896586063368578,0.9335558319141274,-362955.0508563068,7.190429170722011,-0.06498421204901028
7,DS1.008_spec_neid.fits,59340.14384932255,7.1354449586730055,0.117,54.761419,1.28404345352403,,neid,6.95782409735555,0.0164678447734852,-359701.4048993633,579.8605824120018,-45.66666666600684,0.1706133147965073,0.0992376775094499,6.8949105384838445,0.9335549453813572,-362983.54980712704,7.188976532599326,-0.05353157392632024
8,DS1.009_spec_neid.fits,59340.14492229463,7.916444958672997,0.117,54.825946,1.279482837431954,,neid,6.9524511380166665,0.0163946315850933,-359822.1464626988,577.9225524581177,-48.03333333267325,0.1703380108280162,0.0988475985156378,6.889488633964295,0.9335540632368474,-363110.533244136,7.187541404064417,0.7289035546085803
9,DS1.010_spec_expres.fits,59340.1911917447,5.853015688163879,0.104,246.14400000000103,1.184514964931698,-3.5310549015819e-06,expres,6.773813582031315,0.0146840734367338,-349674.730708849,524.2159797032184,-51.43333333269129,0.1726823433792837,0.0987558477663561,6.685894225250489,1.0878275841667606,-354272.9454533066,7.135547042311346,-1.2825313541474674
10,DS1.011_spec_expres.fits,59340.2185988947,8.044015688163867,0.104,236.6499990000083,1.159063730498715,-3.7480498561236e-06,expres,6.773392755200381,0.0151456991190816,-349622.4438026345,540.8562099354255,-51.416666666024575,0.1723134564336532,0.0952495364311923,6.685472136844636,1.0878013254611436,-354220.3272162482,7.113991650624161,0.930024037539706
11,DS1.012_spec_expres.fits,59340.2233571347,6.952015688163868,0.104,236.15699899999427,1.158064283549695,-3.7860417996616e-06,expres,6.776453493072013,0.0151577902587989,-349466.6261620575,540.7482397356907,-50.64999999935751,0.172207254380513,0.106642529213766,6.688573849371988,1.0877967665263002,-354058.18832221144,7.110958085059413,-0.15894239689554457
12,DS1.013_spec_harpsn.fits,59340.849931827725,7.913485101777951,0.102,300.0,1.4257020060261016,-0.249564032286131,harpsn,6.92027904685206,0.0110690907512823,-453697.0889973544,493.4753081569393,-43.93333333267591,0.175744293528481,0.0989190514871823,6.857139090271191,0.932687291097309,-457874.6934068672,8.397396682833907,-0.4839115810559562
13,DS1.014_spec_harpsn.fits,59340.85367820177,8.784485101777932,0.103,300.0,1.3993021074535552,-0.256835114622227,harpsn,6.915985385592158,0.0111488117318037,-453731.1510809354,497.3299607255653,-46.19999999934282,0.1753149364569797,0.0956115402510909,6.852806296642914,0.932684145043512,-457914.3016782649,8.412705045471496,0.3717800563064362
14,DS1.015_spec_harpsn.fits,59340.857446729184,5.908485101777956,0.103,300.0,1.3744283703432063,-0.264294762598042,harpsn,6.915567778770456,0.0117267283852259,-453780.46143379307,523.1438645679846,-46.69999999934227,0.1757054277933723,0.10507546467048,6.852385270227366,0.9326809803674408,-457964.5501489737,8.428150282198128,-2.519665180420173
15,DS1.016_spec_neid.fits,59341.175054405794,10.006444958673,0.122,54.771644,1.178127052594084,,neid,6.959079455509829,0.0168550232700222,-359467.9446219912,592.8979609377874,-49.3666666660058,0.1714339303657364,0.0991799476983641,6.896293878126113,0.9326937410636308,-362740.63033592456,9.78796617037809,0.2184787882949113
16,DS1.017_spec_neid.fits,59341.17827508783,12.351444958673,0.123,54.830613,1.171057251460917,,neid,6.956791547015249,0.0173393032139706,-359417.570955416,610.0450566236016,-46.9999999993401,0.1709489358177997,0.0987928393066377,6.893985499070782,0.9326910352440432,-362691.9609576219,9.801226953718754,2.550218004954246
17,DS1.018_spec_neid.fits,59341.17935044968,12.093444958673004,0.123,54.771833,1.1688178240683234,,neid,6.957342025717029,0.0165188912713097,-359345.13344291,581.0357596427347,-46.73333333267313,0.1712886223578179,0.098610332575084,6.89454111459727,0.9326901317887748,-362618.3319649823,9.805647373574788,2.2877975850982164
18,DS1.019_spec_expres.fits,59341.2337648447,10.12401568816388,0.107,187.57699999998783,1.154967283870381,-3.8773791156999e-06,expres,6.771592119958331,0.0153063803005122,-349430.2206807177,545.5372637489784,-54.51666666602324,0.1723879478998245,0.0994982770064376,6.6838087711968965,1.0868119198615698,-354019.5433229195,10.024025298918165,0.0999903892457148
19,DS1.020_spec_expres.fits,59341.2391689947,10.99601568816388,0.107,187.07299999999412,1.157570849028974,-3.9203709364268e-06,expres,6.772000962095186,0.0152363435892851,-349580.0059138582,543.2005365548994,-53.88333333269128,0.1725643493591059,0.1029512901763104,6.684223842904544,1.086806628874033,-354170.6848867563,10.045085118522843,0.9509305696410362
20,DS1.021_spec_expres.fits,59341.2433170547,11.358015688163874,0.107,187.2649990000049,1.160434724957498,-3.953278691792e-06,expres,6.77132159108114,0.015258274003753,-349476.9632186928,543.8713190740779,-55.71666666602376,0.1722555763193038,0.0965919483836659,6.683536209880687,1.0868025676521575,-354067.1932217225,10.06116525631117,1.2968504318527039
21,DS1.022_spec_expres.fits,59342.1917746147,10.341015688163878,0.107,178.9970000000036,1.173079684140532,-3.5502603705093e-06,expres,6.772656021797296,0.0146622971626477,-349632.0125833223,522.6463657738753,-52.06666666602469,0.1719481693503629,0.0951738492388748,6.685041489630565,1.0858590477152723,-354214.3095309951,10.295710074502521,0.045305613661357214
22,DS1.023_spec_expres.fits,59342.1957127247,11.588015688163878,0.107,179.03499900001094,1.167658399458334,-3.5810959594443e-06,expres,6.771795182204189,0.0151633218596487,-349523.80692498066,540.4622576720245,-53.28333333269,0.1721248442453079,0.0973276702157569,6.684170005311316,1.0858551145619677,-354105.83960603684,10.281656711278202,1.3063589768856758
23,DS1.024_spec_neid.fits,59342.28777966088,10.331444958673003,0.117,54.817167,1.2077866607703944,,neid,6.95438114967355,0.0164045065647913,-359649.2813182311,577.7739540980142,-46.88333333267333,0.171319804459447,0.0990788754033877,6.891681183813544,0.9317444046545952,-362921.3418008302,9.931556097202204,0.3998888614707994
24,DS1.025_spec_neid.fits,59342.2888645767,11.291444958672995,0.117,54.863782,1.2110621682763778,,neid,6.956986347294039,0.0163465056711339,-359845.53697786806,575.7914052220793,-46.98333333267301,0.170521760620028,0.0987877609202065,6.8943101999988805,0.9317434746898192,-363116.8913592149,9.927212849861196,1.3642321088118
25,DS1.026_spec_neid.fits,59342.28994091179,12.831444958673003,0.117,54.824806,1.2143789164034111,,neid,6.954107293115623,0.0163352271175953,-359720.4102321143,575.4683205542859,-47.29999999933973,0.1705510649035168,0.0989918256088931,6.891405086106097,0.9317425520791212,-362993.36594232207,9.922899605029471,2.9085453536435324
26,DS1.027_spec_harpsn.fits,59343.84727792999,7.680485101777947,0.103,300.0,1.4234901755589358,-0.249067095704498,harpsn,6.915109520982452,0.0116057994776002,-454055.232100368,518.0940273057885,-44.94999999934251,0.1761958839639716,0.105334352267257,6.852273615274678,0.93009998849191,-458218.9554646512,8.721491712948078,-1.0410066111701308
27,DS1.028_spec_harpsn.fits,59343.8548182016,7.982485101777968,0.104,300.0,1.371537876995799,-0.263646460953719,harpsn,6.914218196692797,0.0114526539621503,-453771.6419187471,510.9237561582426,-43.99999999934345,0.1747747427873031,0.1042712307262458,6.851375024593065,0.9300932984707396,-457933.7917477549,8.753823145747022,-0.7713380439690543
28,DS1.029_spec_harpsn.fits,59343.85857296733,8.213485101777962,0.104,300.0,1.3480857024495438,-0.271122726282875,harpsn,6.91372826874024,0.0111087572100423,-453872.5526141896,495.6819517452655,-44.1666666660101,0.1733393100223243,0.1063734770558585,6.850881054808479,0.930089967069947,-458036.1959738824,8.769959413305463,-0.5564743115275004
29,DS1.030_spec_expres.fits,59344.24215234471,9.284015688163876,0.105,165.67999999999188,1.147051763292507,-3.9540171471293e-06,expres,6.771229142678299,0.0146633693672152,-349920.18934042094,523.7240801722126,-57.74999999935556,0.1721175070489204,0.1013822245572773,6.683935944724107,1.0837639915963988,-354490.1990785263,10.35109153850128,-1.0670758503374032
30,DS1.031_spec_expres.fits,59344.2498140147,9.34401568816388,0.105,165.22899899999965,1.154040575520105,-4.0143677412243e-06,expres,6.776179788285707,0.0148656560406983,-349718.70995983813,530.1699251159229,-54.616666666022674,0.1720623069396831,0.10448576197446,6.688952482511569,1.0837560656688587,-354279.21789114125,10.377509296627217,-1.0334936084633366
31,DS1.032_spec_expres.fits,59344.2545044247,9.296015688163877,0.105,164.07400100000302,1.159609273841681,-4.0510838675525e-06,expres,6.775601433439928,0.0147705913988801,-349789.5453593844,526.9200538019081,-56.59999999935517,0.1721781432581754,0.1055927490952121,6.688367371203829,1.083751213447621,-354351.7294135664,10.39351378036529,-1.0974980922014126
32,DS1.033_spec_neid.fits,59344.30496761247,12.420444958673002,0.117,54.824683,1.2605368402074086,,neid,6.953548403557365,0.0164724778226247,-359706.36932894285,580.2668219608055,-47.11666666600671,0.1703692719379288,0.0991417861937005,6.891080145875125,0.9299730231253156,-362967.1397297389,10.55716876354319,1.8632761951298118
33,DS1.034_spec_neid.fits,59344.30604331286,11.808444958672991,0.117,54.851699,1.2649692577851,,neid,6.951566290201631,0.0162481799812391,-359688.0654097494,572.5518701081188,-44.09999999934154,0.1705517834869558,0.0990310319242531,6.889080188213744,0.9299720680905164,-362950.5481396605,10.56047951023086,1.247965448442132
34,DS1.035_spec_neid.fits,59344.30927421057,12.154444958672997,0.117,54.844008,1.2788105885308785,,neid,6.954500338566892,0.0162078020538473,-359699.25256588106,570.883341489724,-45.4499999993415,0.1710936556584396,0.0987216269380762,6.892041224986047,0.9299691996081656,-362959.02651927946,10.570376953724423,1.5840680049485734
35,DS1.036_spec_expres.fits,59346.2160214647,7.179015688163872,0.11,187.9969990000049,1.133851992657678,-3.7418904065919e-06,expres,6.7735321497652645,0.0152616244831096,-349720.95894934493,543.7588452669565,-56.01666666602172,0.1718785244151767,0.1049122315963367,6.686606076416768,1.0816824685322366,-354267.3415807902,7.126098804869076,0.05291688329479616
36,DS1.037_spec_expres.fits,59346.2200198347,8.317015688163877,0.11,188.9719999999958,1.132814437186238,-3.7736261526161e-06,expres,6.773741510132646,0.0154386109025131,-349516.85100610065,549.7158192371073,-55.849999999355006,0.1719922850030991,0.1051214388115975,6.6868188472728045,1.081678209936436,-354060.2573847896,7.129419181331055,1.187596506832823
37,DS1.038_spec_expres.fits,59346.2279377247,6.710015688163878,0.11,191.12399900000025,1.132704720398143,-3.8364975204479e-06,expres,6.772639560026383,0.0155525257163408,-349429.3027539718,553.7143817268959,-58.54999999935504,0.1721582227608798,0.1004378867256298,6.68570393483616,1.0816697766650598,-353973.0060335045,7.136428945752556,-0.42641325758867765
38,DS1.039_spec_expres.fits,59348.296737954704,10.315015688163868,0.107,187.07799999999537,1.241823926989451,-4.3486556067808e-06,expres,6.776699766685367,0.0149311484837538,-349522.5926814436,531.706047327158,-53.46666666602336,0.1721493321751392,0.1024521027359464,6.690178496908228,1.0794310572242556,-354042.8216332678,9.217238719856283,1.0977769683075849
39,DS1.040_spec_expres.fits,59348.31637050471,7.930015688163877,0.105,184.0600000000212,1.323855098413711,-4.4830098030641e-06,expres,6.777663060824133,0.0155748236879834,-349559.73914539727,554.7187854301278,-55.41666666602177,0.171962797138504,0.099815735254533,6.691157702203073,1.0794096397144353,-354078.955690585,9.13156084534508,-1.2015451571812026
40,DS1.041_spec_expres.fits,59348.3370066547,8.504015688163875,0.105,187.5570000000021,1.445311570904764,-4.6127034276619e-06,expres,6.776429526724083,0.015171124524127,-349529.52096592553,540.5142962068467,-54.26666666602311,0.1720917783102389,0.1098213946179031,6.689911850029618,1.0793871267952362,-354049.8319607509,9.041483208966852,-0.5374675208029771
41,DS1.042_spec_expres.fits,59350.2849767847,11.900015688163876,0.104,176.7740000000046,1.197670669160846,-4.245440791168e-06,expres,6.778661879636018,0.0151293745567775,-349663.34495918563,539.6503125702463,-53.76666666602219,0.171870775652188,0.1070659324284701,6.692520023674049,1.077233777391151,-354163.988870613,10.917346641607061,0.9826690465568149
42,DS1.043_spec_expres.fits,59350.2874481747,12.216015688163878,0.104,176.30699999998356,1.204679364386415,-4.2634280374732e-06,expres,6.774039491605222,0.0148831336839591,-349672.082299086,531.2436062821942,-53.0499999993569,0.1719273435726609,0.1050395158617773,6.6878385404566405,1.0772310293571763,-354179.0789770034,10.922325135909876,1.2936905522540023
43,DS1.044_spec_expres.fits,59350.3017441747,12.905015688163871,0.104,174.97899999999404,1.252328256066901,-4.3649674170126e-06,expres,6.773483185701982,0.0150013955015952,-349548.02453803254,535.3450305845042,-53.91666666602244,0.1720925221282478,0.103203925554284,6.687277624295739,1.0772151329149733,-354054.0410946456,10.950119076319314,1.954896611844557
44,DS1.045_spec_harpsn.fits,59351.87682489304,7.220485101777967,0.102,300.0,1.216515004129081,-0.296253833165097,harpsn,6.917255570417727,0.011266593978558,-453955.20144187583,502.4781516974542,-43.716666666009765,0.175594107229941,0.104828643027927,6.855450912841039,0.9226144417371984,-458047.7908480254,7.130550569517664,0.08993453226030379
45,DS1.046_spec_harpsn.fits,59351.88058439221,6.297485101777966,0.102,300.0,1.2017538622726078,-0.304468689051972,harpsn,6.915404828142349,0.0114803540340694,-453617.2410670067,511.80931670559926,-42.78333333267681,0.1740786442937642,0.1051915555858169,6.853583970646159,0.9226108033166198,-457708.969852694,7.127378546818834,-0.8298934450408684
46,DS1.047_spec_harpsn.fits,59351.88810511304,5.944485101777957,0.102,300.0,1.1750348707340204,-0.32122792013375,harpsn,6.916932687514181,0.0120570916592859,-453964.930705751,537.8581291883294,-48.81666666600904,0.1744121402560577,0.1067152805528509,6.85512658816188,0.9226035247484212,-458057.8969331162,7.121424539432355,-1.176939437654398
47,DS1.048_spec_expres.fits,59352.3033510647,7.99901568816388,0.107,173.07199999999236,1.250800320302953,-4.3541193177519e-06,expres,6.777595316068052,0.0154676174139406,-349655.7172508327,549.9456524910025,-53.98333333269039,0.1720709685856055,0.1019980123907342,6.691804268022028,1.0749669329192282,-354138.41417931,7.593309831903392,0.4057058562604876
48,DS1.049_spec_expres.fits,59352.3170967147,9.10901568816388,0.107,177.12699900000325,1.310496364092381,-4.4462719369639e-06,expres,6.7743804457458285,0.0152274038881967,-349530.55019913625,541.4913501786001,-53.7499999993569,0.1717123724981552,0.1032792274074036,6.688550655380895,1.074951419417291,-354015.84684940486,7.633510483846883,1.475505204316998
49,DS1.050_spec_expres.fits,59352.3196067547,7.480015688163874,0.107,176.95100000000218,1.323002143403342,-4.4625489774259e-06,expres,6.776263286526331,0.0151236604665531,-349739.3141012301,537.9661814835929,-51.83333333269014,0.1721542655616008,0.1076313764045181,6.690458105738967,1.0749485865269963,-354224.7237100525,7.640992799682106,-0.1609771115182319
50,DS1.051_spec_neid.fits,59353.11570090193,11.279444958672997,0.116,54.82346,1.349931892891173,,neid,6.95287880404506,0.0166331340886374,-359700.4019339532,585.8596136754386,-47.59999999933974,0.1711413459173026,0.0990328349330689,6.891517458005683,0.921689096030735,-362903.1364504177,10.704628210869334,0.5748167478036628
51,DS1.052_spec_neid.fits,59353.11677903773,8.970444958673,0.116,54.822699,1.3435494242287824,,neid,6.95640330517358,0.016763380082282,-359789.6500690453,590.2645709693269,-46.29999999933968,0.1712073794403845,0.0990390955712169,6.89507346519137,0.9216880458396914,-362989.8830727089,10.707562950105913,-1.737117991432914
52,DS1.053_spec_neid.fits,59353.12002237558,11.293444958673009,0.117,54.771176,1.325026771080475,,neid,6.955176656505195,0.016375002016383,-359738.25026719505,576.6139892219757,-46.2999999993405,0.1709414241050712,0.0990863998420513,6.893836326247091,0.9216848865587404,-362939.1477114596,10.716339890885724,0.5771050677872847
53,DS1.054_spec_harpsn.fits,59353.88784016294,11.148485101777965,0.105,300.0,1.1686577609653974,-0.314753251938822,harpsn,6.920120610167281,0.0120054074399467,-453785.2059533036,535.0720658962359,-45.41666666600752,0.1748536514950835,0.1031611138645499,6.858604770257504,0.9206573003365556,-457855.27253651054,10.23785960831862,0.9106254934593441
54,DS1.055_spec_harpsn.fits,59353.8915940942,11.823485101777976,0.105,300.0,1.1568037973290834,-0.323256182662042,harpsn,6.917570411600488,0.0112185771535862,-453726.5405992506,500.1134344363735,-42.98333333267552,0.1757517393414517,0.1046571993805678,6.856032183285353,0.9206536271617108,-457799.0896628481,10.224146916806871,1.5993381849711046
55,DS1.056_spec_harpsn.fits,59353.89910930626,10.289485101777927,0.106,300.0,1.1354776831732034,-0.34056067936632,harpsn,6.918002590362368,0.0120304584774893,-453691.5706802773,536.1744608783856,-44.11666666600856,0.1739278820185171,0.0980744513182648,6.856469228341372,0.9206462735862844,-457763.2242872312,10.196479051853034,0.09300604992489347
56,DS1.057_spec_expres.fits,59354.2478055947,10.206015688163872,0.113,209.28399999999456,1.115939897469805,-3.9206367998797e-06,expres,6.775407906408818,0.0150393194764337,-349427.4183025958,534.5435833664795,-52.733333332690776,0.1718189855180774,0.0960853171719942,6.689943640439578,1.0727564429865497,-353891.36589615064,8.734705445183849,1.4713102429800227
57,DS1.058_spec_expres.fits,59354.2711743247,10.448015688163878,0.113,209.37600100001924,1.150680543830519,-4.0993169064475e-06,expres,6.774503235094015,0.0149075508903958,-349371.80443633266,529.6987645508792,-54.5999999993576,0.171741299790349,0.0973435033824811,6.689031686563137,1.072729778860262,-353836.0304315818,8.635060419330678,1.8129552688331998
58,DS1.059_spec_expres.fits,59354.29928432471,9.894015688163876,0.115,213.498999999997,1.227597875224653,-4.3029339440355e-06,expres,6.773857949640059,0.0150733554266417,-349589.3571485893,535.8418260448653,-54.283333332690816,0.1716812787486959,0.1011453818233056,6.6883832992877466,1.0726977037873158,-354056.9581714474,8.51684409601811,1.377171592145766
59,DS1.060_spec_harpsn.fits,59354.91545974042,7.267485101777936,0.107,300.0,1.0963329292546988,-0.376370524248837,harpsn,6.91887545675142,0.0116598848198853,-453480.6738750555,519.360629104038,-43.81666666600975,0.1758462541470798,0.107591398644734,6.857483646365177,0.9196497299903472,-457540.4720430205,7.093966338625609,0.17351876315232673
60,DS1.061_spec_harpsn.fits,59354.9229743839,8.37348510177793,0.106,300.0,1.0839749908440506,-0.39461377253597,harpsn,6.912895824304882,0.011570987100446,-453432.5249544544,515.9325354617945,-45.79999999934253,0.1747026858149273,0.1057828336275019,6.851451425264796,0.9196423462025176,-457498.9463988681,7.096092133603378,1.2773929681745528
61,DS1.062_spec_harpsn.fits,59354.92673562884,7.517485101777936,0.106,300.0,1.0787102529617048,-0.403828147169967,harpsn,6.9143751453401885,0.0118781469452539,-453710.2067107529,529.7341964344495,-44.98333333267579,0.1745173683971567,0.1058997099230119,6.852944506059099,0.9196386504342664,-457777.3209303345,7.097354866613511,0.42013023516442516
62,DS1.063_spec_expres.fits,59355.162695194704,7.673015688163872,0.109,214.7029999999905,1.174332361670693,-3.2515427557791e-06,expres,6.777977016506699,0.0155399655056005,-349692.16717524955,553.1263128251511,-55.46666666602176,0.1722066135659265,0.099068114424238,6.6927132898869015,1.0717095015274911,-354147.1701092866,7.432313301819986,0.2407023863438864
63,DS1.064_spec_expres.fits,59355.1656159147,7.524015688163871,0.109,215.14300000000296,1.167005872047699,-3.2730485376269e-06,expres,6.773375997601264,0.0156822564520432,-349667.38482397445,558.6008524837329,-54.18333333268936,0.1717327104395691,0.104753735319029,6.688054150587815,1.0717061554764091,-354128.2140041511,7.439427941506858,0.08458774665701352
64,DS1.065_spec_expres.fits,59355.1728842847,8.094015688163879,0.109,215.91399899999715,1.150620876546627,-3.3271807370536e-06,expres,6.78041616526369,0.0158102296074105,-349560.78574626264,562.3262767528076,-56.68333333268801,0.1721885084843653,0.1001905817425918,6.695185369977372,1.071697828592614,-354010.7512249877,7.457420579726197,0.6365951084376817
65,DS1.066_spec_harpsn.fits,59359.95103928398,6.43148510177798,0.107,300.0,1.0478383198221322,-0.451292922296284,harpsn,6.921504527040547,0.0122468710294961,-453778.8521638883,545.4680877525425,-45.24999999934093,0.1745608603400545,0.0966992052245499,6.860801587534085,0.9146728892519822,-457793.79267204495,9.329102845336779,-2.897617743558799
66,DS1.067_spec_harpsn.fits,59359.9585637287,9.661485101777942,0.107,300.0,1.0465418042684254,-0.470112542004671,harpsn,6.916199947084618,0.0125239020673693,-453708.80562208535,558.0745381156752,-44.64999999934194,0.1745063854286766,0.099626816518723,6.855451032196668,0.9146654323887512,-457729.3022294133,9.29640062202091,0.36508447975703184
67,DS1.068_spec_harpsn.fits,59359.9623177042,7.871485101777978,0.107,300.0,1.0466819418824087,-0.479509153875921,harpsn,6.917844969267177,0.0123373145280629,-453669.9098790785,549.482221465101,-45.99999999934157,0.1887360983200244,0.1072386832917096,6.857111124317003,0.9146617121008253,-457688.091510618,9.280067498353201,-1.4085823965752233
68,DS1.069_spec_neid.fits,59360.11143923549,8.239444958673005,0.115,54.829778,1.337712723249881,,neid,6.959648793939176,0.0160404516944713,-359640.4191402407,564.1759650487762,-50.11666666600591,0.1710578152590612,0.0992877209278391,6.899265960614343,0.9147898882734146,-362788.015943986,8.633937381118487,-0.39449242244548266
69,DS1.070_spec_neid.fits,59360.1125191706,9.298444958673002,0.115,54.785517,1.3313327982063436,,neid,6.955032810617055,0.0160760646176233,-359632.56880891457,565.8188827600144,-48.19999999933942,0.171353456298762,0.099881177707913,6.894609692805303,0.9147888175065012,-362784.3238816869,8.629360841615105,0.6690841170578974
70,DS1.071_spec_neid.fits,59360.11576142067,8.918444958673007,0.116,54.821388,1.312835124031626,,neid,6.956980326482887,0.015879114145333,-359716.30235709075,558.8592129909541,-50.44999999933942,0.1711717555202975,0.0992825493002044,6.896574697922866,0.9147856027726108,-362866.9808168935,8.61563687014043,0.30280808853257746
71,DS1.072_spec_expres.fits,59360.228973394704,8.588015688163878,0.111,197.4229990000019,1.086880450887507,-3.7174391536073e-06,expres,6.775527377292222,0.0150784051820306,-349737.1209914693,536.8820855988303,-54.43333333269017,0.1723588985910045,0.103564803372228,6.691165142654416,1.065870664838341,-354146.6078945124,8.156456276323151,0.4315594118407269
72,DS1.073_spec_expres.fits,59360.2316877247,9.426015688163872,0.111,196.53100000000097,1.087739416713532,-3.7386393940903e-06,expres,6.777129134705592,0.0151911313202008,-349681.1042722674,540.645907534952,-55.29999999935538,0.1725172589682508,0.1046938222555298,6.692787589687033,1.0658675282635288,-354087.7351720085,8.1460426465787,1.2799730415851727
73,DS1.074_spec_expres.fits,59360.2397868947,8.218015688163874,0.111,197.99299899998888,1.091953111229751,-3.8017236738975e-06,expres,6.775098225767097,0.0149935285545648,-349702.9841951708,533.8654787945771,-57.06666666602302,0.1721152091384974,0.1045453375612827,6.690732570663476,1.0658581691085254,-354112.5045341957,8.115168680862226,0.10284700730164786
74,DS1.075_spec_harpsn.fits,59361.904882186536,11.968485101777958,0.106,300.0,1.0993509906552326,-0.335559164733374,harpsn,6.91655731282211,0.011909224956033,-453741.0911141666,530.8202409513593,-46.033333332674346,0.1759645318578631,0.0991217146371492,6.8560684165631125,0.9127381491746542,-457744.30346872006,10.781000903238672,1.1874841985392859
75,DS1.076_spec_harpsn.fits,59361.91241238683,12.01648510177796,0.106,300.0,1.0842725375583602,-0.353372964773365,harpsn,6.918852511860896,0.0116554076439202,-453686.24680579774,519.200905517332,-45.84999999934131,0.1751164650138676,0.0970634780746905,6.858384849847494,0.9127307008456602,-457686.2186989749,10.799657449595964,1.2168276521819958
76,DS1.077_spec_harpsn.fits,59361.916182729394,11.435485101777942,0.106,300.0,1.0776758903160648,-0.362394576385654,harpsn,6.919299115832689,0.0127754861945707,-453769.23711909686,569.2348119506863,-48.71666666600716,0.1752612387846525,0.1054064605290418,6.858835887372211,0.9127269714750832,-457769.3843019128,10.808833310340145,0.6266517914377978
77,DS1.078_spec_expres.fits,59362.2457783747,12.331015688163872,0.109,197.87500000000017,1.091509701741801,-3.8366639347628e-06,expres,6.773903058115709,0.0149920594334769,-349354.7662163462,533.8697615202195,-54.19999999935649,0.1721421049937111,0.1032570811287594,6.689890725151012,1.0635434764445797,-353741.9991545208,11.133648459132225,1.1973672290316468
78,DS1.079_spec_expres.fits,59362.2484988247,11.204015688163878,0.109,198.0409999999989,1.094121438779296,-3.8576036442286e-06,expres,6.771724617921989,0.01504287720275,-349453.4840943122,536.0474918400336,-53.74999999935668,0.1720681986842057,0.1026827269722978,6.687685417945471,1.063540338478152,-353844.80775817484,11.132168582159032,0.07184710600484578
79,DS1.080_spec_expres.fits,59362.25401765471,11.688015688163873,0.109,199.3470000000098,1.100310451480411,-3.8998797986405e-06,expres,6.774410111162584,0.0145650418619952,-349424.5189352183,518.7213776487984,-51.48333333269024,0.1719587893358098,0.098783483427088,6.690405656109611,1.0635339726207056,-353811.87865659705,11.128954643171937,0.5590610449919353
80,DS1.081_spec_neid.fits,59362.29011896763,12.492444958673005,0.118,54.824277,1.154134928450167,,neid,6.956809263619842,0.016995660549746,-359657.44553343614,597.9293081196174,-45.68333333267319,0.1713404876976777,0.0996405119694295,6.896687419196047,0.912632331385333,-362792.7578467121,11.10096621915725,1.3914787395157546
81,DS1.082_spec_neid.fits,59362.29120495168,12.401444958672997,0.118,54.817325,1.1573222345185057,,neid,6.957570636540504,0.0165318759321395,-359639.9109763082,581.4986617263347,-47.28333333267262,0.1718524645368037,0.0996524846584302,6.8974555708905605,0.9126312563359924,-362774.3678258635,11.099938112067298,1.3015068466056992
82,DS1.083_spec_neid.fits,59362.29444054279,10.896444958673,0.118,54.821217,1.1672070538065864,,neid,6.9582785505967415,0.0166053083405113,-359648.22307359945,584.0238009361742,-46.16666666600632,0.1718266517323445,0.0995015993183295,6.898170077926294,0.9126280533147312,-362782.0839589334,11.096810880042872,-0.20036592136987252
83,DS1.084_spec_harpsn.fits,59362.980303837896,10.719485101777934,0.105,300.0,1.0493771486808043,-0.519837225141669,harpsn,6.916862990774352,0.0119664236748733,-453432.604947426,532.7000924864893,-46.649999999341496,0.1761835258020048,0.1058096945965785,6.856518168834026,0.9116755089354972,-457423.3053486682,8.853201375615441,1.866283726162493
84,DS1.085_spec_harpsn.fits,59362.98407648222,9.447485101777945,0.105,300.0,1.0526286424969309,-0.529160547555585,harpsn,6.916234574730841,0.0114952273355576,-453495.3527911477,511.8482766455261,-42.1499999993416,0.1767985033386559,0.1061017549914303,6.855884716821406,0.9116717843374128,-457487.3073285956,8.836881739914675,0.6106033618632694
85,DS1.086_spec_harpsn.fits,59362.98783423004,10.89548510177798,0.105,300.0,1.0564138703264767,-0.538414112739688,harpsn,6.9187749603314375,0.0120977596330598,-453611.1944155126,538.5901374530526,-43.583333332674,0.1791417794754582,0.1040983312662726,6.8584479493374495,0.9116680744318192,-457601.1652827762,8.820645070103087,2.074840031674894
86,DS1.087_spec_expres.fits,59363.1738700547,9.331015688163872,0.108,205.8249999999923,1.121274541413132,-3.2779710800287e-06,expres,6.776366239215725,0.0160133836104608,-349486.63066295214,569.8759106736803,-52.24999999935577,0.1724423884223943,0.1001501082214921,6.692554514599349,1.0624751654031892,-353863.2968794666,8.06221573563999,1.2687999525238816
87,DS1.088_spec_expres.fits,59363.1935983347,8.575015688163873,0.108,204.48599900000383,1.092625013842196,-3.4277098986987e-06,expres,6.7761932930239785,0.0158416764820524,-349604.98226057383,563.9438354154702,-52.99999999935626,0.1723478795846919,0.1002201681536254,6.692383007785242,1.062452456127099,-353983.1676169793,7.989680703078821,0.5853349850850522
88,DS1.089_spec_expres.fits,59363.2035597347,8.462015688163874,0.109,205.63899999999828,1.084083873523051,-3.5046691677926e-06,expres,6.774640498457338,0.0155982941096779,-349587.8651346523,555.3425352334159,-55.59999999935574,0.1721756092909355,0.1016392489664851,6.690812583504046,1.0624409893082092,-353967.78483221814,7.953821136481265,0.5081945516826085
89,DS1.090_spec_neid.fits,59363.26812634056,7.569444958673003,0.117,54.828556,1.1002738623674668,,neid,6.959379991093433,0.0164300907932509,-359696.3041718698,577.9070669282353,-46.21666666600581,0.1713387493578824,0.0997841669747186,6.89940826331612,0.9116663186258862,-362822.8924259664,7.735084814329831,-0.1656398556568277
90,DS1.091_spec_neid.fits,59363.27028530182,8.851444958673,0.117,54.853918,1.1043269070543835,,neid,6.960336320843156,0.0158882577488661,-359684.4579992116,558.7038173828903,-46.149999999339705,0.171057327795,0.0995184084775642,6.900373186415529,0.911664185676965,-362810.05815501104,7.728209707975456,1.1232352506975438
91,DS1.092_spec_neid.fits,59363.27136697478,7.267444958672996,0.116,54.847749,1.106435975701032,,neid,6.957875839597917,0.0164309831210441,-359676.2410531315,577.9831462652951,-44.31666666600669,0.1712132930357496,0.0994754385524637,6.897891457561485,0.9116631170343024,-362804.0022226855,7.724776456238218,-0.45733149756522185
92,DS1.093_spec_harpsn.fits,59365.84340028882,11.327485101777938,0.104,300.0,1.3309474268260095,-0.203391150540341,harpsn,6.918618396792528,0.0123876850482166,-453896.30437360174,552.1223987313089,-46.96666666600808,0.1735192535023604,0.1047700205505055,6.8586624107694485,0.908862176314004,-457864.10433970304,9.100869259200072,2.226615842577866
93,DS1.094_spec_harpsn.fits,59365.84716291351,12.120485101777945,0.104,300.0,1.3080160707248545,-0.210414059871299,harpsn,6.918378414891848,0.0116388348511923,-453694.5623403677,518.5457439346926,-44.89999999934319,0.1726899398065677,0.1049023267406276,6.858420818038923,0.9088585007204102,-457660.84501459793,9.084443205906423,3.036041895871522
94,DS1.095_spec_harpsn.fits,59365.85471259568,10.785485101777963,0.105,300.0,1.2660795383299948,-0.224936121067743,harpsn,6.918116572326227,0.0110786617409455,-453844.576538186,493.7129219325984,-43.66666666600933,0.1753696888396322,0.1027824907137699,6.8581576636694415,0.9088511256233768,-457812.4097148982,9.051492498908095,1.7339926028698684
95,DS1.096_spec_expres.fits,59366.1362165347,9.681015688163868,0.109,221.2170000000068,1.215929353463413,-3.006297855919e-06,expres,6.774604169225093,0.0156778749235146,-349671.35607324616,558.0014552590728,-55.71666666602223,0.1725566537280583,0.1043745461915718,6.691307829919552,1.0590850650156989,-354024.218721512,7.909033305011107,1.7719823831527606
96,DS1.097_spec_expres.fits,59366.1548532847,8.27001568816388,0.108,210.7239999999944,1.155591955561545,-3.1355197956044e-06,expres,6.777572951777611,0.015592181245935,-349468.08398909564,554.4010445493873,-52.96666666602301,0.1724532542748845,0.098319073254442,6.694316911420908,1.0590638347765002,-353814.35699782294,7.844728479681062,0.42528720848281854
97,DS1.098_spec_harpsn.fits,59366.915589584016,7.663485101777951,0.106,300.0,1.0685283339447371,-0.358858053893229,harpsn,6.918421888428757,0.0113151078159575,-453566.5153798306,503.9353392231529,-43.03333333267684,0.1749211849610039,0.0983995380658278,6.858602579953782,0.9078172043651976,-457522.42840746784,7.629038612544614,0.034446489233337374
98,DS1.099_spec_harpsn.fits,59366.93063232068,6.649485101777941,0.105,300.0,1.0486444580695211,-0.395184545630262,harpsn,6.918288825267124,0.012284797492857,-453729.6007861194,547.4324756456145,-45.83333333267486,0.1750238744216334,0.1099074632723801,6.8584702914310105,0.9078025839212992,-457686.96129418793,7.674367453977344,-1.0248823521994028
99,DS1.100_spec_harpsn.fits,59366.93439591581,9.27448510177794,0.105,300.0,1.0450562662703224,-0.404386850395686,harpsn,6.920117968615752,0.0117383143048583,-453535.1005600917,522.7074624151479,-43.1999999993421,0.1745831669149287,0.1059870737983806,6.8603158680657,0.9077989259326948,-457488.6141020738,7.685947140296418,1.5885379614815216
100,DS1.101_spec_expres.fits,59368.1505391447,12.99901568816388,0.113,233.3640009999989,1.161980057132068,-3.1030847311901e-06,expres,6.782475662582981,0.0150193871564923,-349416.7263018622,533.8323816121772,-52.53333333268962,0.1722447340794202,0.0970925977157462,6.699637031065116,1.056806399257424,-353737.1399753321,11.079829923590243,1.919185764573637
101,DS1.102_spec_expres.fits,59368.1914137247,12.902015688163871,0.113,225.237999999996,1.082424578569555,-3.404198840928e-06,expres,6.779986850433383,0.015419925545924,-349383.0957814252,548.1272001756679,-51.34999999935728,0.1723198233973737,0.1079033645963064,6.6971246988607644,1.056760360705631,-353705.94123247016,11.02620298588994,1.8758127022739313
102,DS1.103_spec_neid.fits,59368.22667800261,13.548444958673002,0.12,54.826949,1.049497746280613,,neid,6.953856068804523,0.0164603517826888,-359608.23792848777,579.1015016649419,-47.46666666600652,0.1707568761719237,0.0994314507006795,6.8944753073031215,0.9068210753158624,-362705.4730419055,10.968075486058538,2.580369472614464
103,DS1.104_spec_neid.fits,59368.229911823735,12.835444958672994,0.12,54.831462,1.0503888389940117,,neid,6.956661332631093,0.0164432323401042,-359647.6389275429,578.2834699214317,-48.21666666600604,0.1712917771327453,0.0995003515761413,6.897305133436981,0.9068179493087312,-362742.661763692,10.96220701635116,1.8732379423218344
104,DS1.105_spec_neid.fits,59368.23099105058,12.388444958673006,0.12,54.82318,1.0507698522376685,,neid,6.958597473454254,0.0165841044192898,-359594.75631746615,582.9535103429575,-47.916666666005,0.1710662403519883,0.0996207830930526,6.899258068549686,0.9068169060598634,-362687.57276739023,10.960228656250134,1.4282163024228716
105,DS1.106_spec_harpsn.fits,59374.90734469562,7.29448510177798,0.106,300.0,1.0700011330873802,-0.320515221889846,harpsn,6.914434109482347,0.0113733100524559,-453668.6289716354,506.7827345675218,-46.88333333267647,0.1745356242742106,0.1059474946360657,6.855568790517353,0.9003197281284979,-457564.05316835066,7.870395494445204,-0.5759103926672244
106,DS1.107_spec_harpsn.fits,59374.91860654715,6.098485101777953,0.106,300.0,1.051376201704592,-0.346927971227327,harpsn,6.915038063277611,0.0115025660288727,-454075.6885742753,512.8469223222165,-45.38333333267586,0.1756923957535867,0.1036778663610271,6.856179249058474,0.9003096808088538,-457973.83003533614,7.832022845906556,-1.7335377441286024
107,DS1.108_spec_harpsn.fits,59374.92236882306,6.887485101777941,0.106,300.0,1.046289553166573,-0.355868427711594,harpsn,6.913398938635069,0.0120376089792953,-453733.23079087125,536.4851946720323,-43.94999999934246,0.1749346512641487,0.1043771894327475,6.854526490374677,0.9003063242432057,-457630.2740353997,7.8193709917719545,-0.9318858899940139
108,DS1.109_spec_harpsn.fits,59375.87537821892,6.6894851017779615,0.105,300.0,1.1527441712792386,-0.244287066479956,harpsn,6.912195546884822,0.0115727741260116,-453858.2916008806,516.0190494411071,-46.63333333267589,0.1745011156481037,0.0995976141476804,6.853423496679833,0.8994629806340756,-457750.3876187088,8.338382396777833,-1.6488972949998715
109,DS1.110_spec_harpsn.fits,59375.87914668813,7.237485101777963,0.105,300.0,1.14007311682019,-0.252302648035044,harpsn,6.916057848074253,0.0112690958077584,-453589.2587865076,501.88641959355976,-45.049999999342674,0.1758872968808223,0.1049607874037846,6.857319334126127,0.8994596754326863,-457474.6194800601,8.353592190584175,-1.1161070888062117
110,DS1.111_spec_harpsn.fits,59375.886657654286,7.935485101777942,0.105,300.0,1.1171802696777893,-0.268588468461396,harpsn,6.912130166807843,0.0115933084813122,-453827.8085300397,516.9120418162692,-45.68333333267616,0.1747509082907611,0.1054948740244121,6.853358854300926,0.8994530877539554,-457719.63099643664,8.3840562213504,-0.448571119572458
111,DS1.112_spec_neid.fits,59376.12698642861,8.492444958673005,0.118,54.820559,1.204531224618959,,neid,6.95474902453503,0.0170226285031245,-359717.5087411821,598.9236428215472,-48.29999999933866,0.1711036008860681,0.0987949303686649,6.896333161593239,0.899512600567859,-362764.5205655837,9.415120842189179,-0.9226758835161739
112,DS1.113_spec_neid.fits,59376.12807266552,6.911444958673002,0.118,54.736711,1.200133152359015,,neid,6.957258267399665,0.0168924796419269,-359600.97619780194,593.915407240136,-47.88333333267213,0.1710512721752093,0.0989773835408341,6.898863775720431,0.899511647147182,-362644.7696245295,9.419811991668977,-2.5083670329959755
113,DS1.114_spec_neid.fits,59376.12914648976,6.322444958673003,0.118,54.826908,1.1958532621259816,,neid,6.957018095081729,0.0165128871284198,-359816.46738761594,580.9140933613133,-49.43333333267169,0.1701838514372651,0.0987814198217427,6.898621693321659,0.8995107046202475,-362862.29131064645,9.424447922951629,-3.1020029642786255
114,DS1.115_spec_expres.fits,59376.1588486947,7.064015688163877,0.108,182.2320000000044,1.119399122842976,-3.0779457876905e-06,expres,6.783151680067317,0.0155498210820752,-349505.3082111195,552.5675068431244,-49.89999999935667,0.1718492102076276,0.0984126930507004,6.701677607774572,1.0481717207847956,-353754.3369490666,9.551946927955703,-2.487931239791825
115,DS1.116_spec_expres.fits,59376.1678454047,8.299015688163877,0.107,181.2849989999993,1.100220583992739,-3.1425056850664e-06,expres,6.779680146310866,0.0154764101402126,-349749.31359135325,550.6739198238508,-51.31666666602331,0.1720307620606538,0.0972203859287558,6.698165287651686,1.0481625186867378,-354005.66807637963,9.590241428977723,-1.2912257408138466
116,DS1.117_spec_expres.fits,59376.1731709047,6.8100156881638725,0.108,181.18300000000116,1.09051076829156,-3.1813146058159e-06,expres,6.781776184844731,0.0156117223975232,-349568.12350070535,555.030307356374,-54.41666666602244,0.1715636472005057,0.0992070917626289,6.700287678499952,1.04815707156365,-353819.55054632697,9.612827257860314,-2.8028115696964413
117,DS1.118_spec_harpsn.fits,59376.99031235834,9.656485101777946,0.106,300.0,1.0405034518486518,-0.509394017735172,harpsn,6.91593694317892,0.0125956994259212,-453879.6404397442,561.1199480970098,-49.08333333267462,0.1755415461977065,0.1054463010273732,6.857323957207445,0.8984942670578473,-457759.1772917069,10.96147394443016,-1.3049888426522145
118,DS1.119_spec_harpsn.fits,59376.99407082421,8.222485101777977,0.106,300.0,1.0451336336213242,-0.51836949402265,harpsn,6.919007940856945,0.0124562500130036,-453852.6289410114,554.5073897612091,-47.16666666600694,0.1753533935360117,0.1022719423411847,6.860421616315047,0.8984910305833377,-457728.4195119726,10.954528498696675,-2.732043396918698
119,DS1.120_spec_harpsn.fits,59376.997833560665,9.741485101777926,0.106,300.0,1.0503137715136328,-0.527307728174678,harpsn,6.919350551726085,0.0117942078190546,-453686.8939334636,524.8134738459347,-44.13333333267538,0.1755373123246625,0.1052026044675196,6.860767577184244,0.8984877904176104,-457560.852270962,10.94745495009667,-1.2059698483187447
120,DS1.121_spec_expres.fits,59377.2168293847,8.427015688163877,0.106,172.16599899998394,1.049924978697289,-3.4899521805386e-06,expres,6.784520836039311,0.0155018829483064,-349465.1676837827,551.3739775107666,-55.34999999935499,0.1722527214982409,0.094869230507421,6.703230146806578,1.047104853200013,-353703.16395150457,10.348266142585995,-1.9212504544221183
121,DS1.122_spec_expres.fits,59377.2194380447,7.655015688163871,0.106,170.7579989999939,1.049747016613561,-3.5098510437679e-06,expres,6.77979401926227,0.014845271405997,-349429.8239287572,528.3907949928098,-53.699999999356656,0.1720954972598589,0.0982149880563131,6.698446376275503,1.047102233684002,-353673.3889241511,10.339182593144436,-2.6841669049805645
122,DS1.123_spec_neid.fits,59377.22354692591,11.162444958673008,0.119,54.861061,1.0351220524784177,,neid,6.958853148878105,0.0164378232165567,-359875.7063631309,578.1438493063993,-48.71666666600477,0.1707059209167869,0.0990580305851103,6.90059571109155,0.8985632864276272,-362913.91312847496,10.324797349498606,0.8376476091744021
123,DS1.124_spec_neid.fits,59377.22462632272,9.175444958672998,0.119,54.774182,1.0352754838922544,,neid,6.957704643788784,0.016210599498263,-359654.75691495143,569.9083234666751,-46.09999999933929,0.1710835449674216,0.0991195616236136,6.899437629410133,0.8985623562555332,-362692.1072061091,10.321002698323383,-1.1455577396503855
124,DS1.125_spec_neid.fits,59377.22570947369,9.153444958673006,0.119,54.840836,1.0354701024754196,,neid,6.959098961037163,0.0157804195755512,-359690.004515324,554.6837778790346,-45.44999999933998,0.1710240136649949,0.0989834915952675,6.900843841073314,0.8985614228471104,-362726.4135176726,10.317188335050858,-1.1637433763778517
125,DS1.126_spec_expres.fits,59377.22572677471,6.575015688163873,0.106,170.96499999999892,1.050276439242141,-3.5578071360641e-06,expres,6.782806869102631,0.0151700668477562,-349369.87061104825,539.5592985166966,-55.69999999935515,0.1716464190019915,0.1028105589122966,6.701496785083244,1.047095918750887,-353608.81818414235,10.317127355918105,-3.742111667754232
126,DS1.127_spec_harpsn.fits,59384.05761654626,7.423485101777942,0.103,300.0,1.2109201547651358,-0.607276980904087,harpsn,6.916800715234957,0.0121471875630344,-453773.8875134471,540.8237817935634,-43.08333333267444,0.1757958496024292,0.1059255454877821,6.858927662346376,0.8928849069026069,-457602.6609725535,7.095348907712868,0.328136194065074
127,DS1.128_spec_harpsn.fits,59384.06137083282,6.671485101777932,0.102,300.0,1.228328801361657,-0.61458992378963,harpsn,6.917246171107979,0.0129239541844519,-453717.4383895696,575.4001798532245,-47.716666666006326,0.1768027125469688,0.1043860398814708,6.859377230538653,0.8928821875678042,-457545.2126313094,7.094305961842237,-0.42282086006430486
128,DS1.129_spec_harpsn.fits,59384.06512868402,5.789485101777927,0.102,300.0,1.246833648556508,-0.621780988793537,harpsn,6.920577818071189,0.0123133116561429,-453513.2083441404,547.6030947496652,-45.93333333267336,0.1751873335824628,0.1017792724031108,6.862737325282213,0.8928794656376182,-457335.5063884352,7.093394391978354,-1.3039092902004263
129,DS1.130_spec_expres.fits,59384.2089869247,5.722015688163879,0.107,174.44499999999294,1.041917783979628,-3.2655043370648e-06,expres,6.784962919000479,0.0155968080895493,-349043.50163255713,553.5695206475503,-55.599999999355255,0.1718579591136738,0.10204381929673,6.704680367466241,1.0406646829427098,-353222.98542174435,7.1578574506996535,-1.435841762535775
130,DS1.131_spec_expres.fits,59384.2142298647,4.341015688163878,0.107,172.3070009999958,1.040450360367948,-3.3050319423166e-06,expres,6.789366864923747,0.0158170294218397,-349038.9168354042,560.8749835503271,-55.033333332688265,0.1720805502944422,0.0982998735348827,6.709137698774488,1.0406602545535526,-353212.7917070528,7.163822737127231,-2.8228070489633525
131,DS1.132_spec_expres.fits,59384.2215306247,4.965015688163874,0.106,171.10900099999995,1.039937581730111,-3.360127743002e-06,expres,6.787957379092431,0.0155664558986476,-349024.3194891362,552.1112309578988,-55.6666666660219,0.1719536451275519,0.1006316240059964,6.707712311174265,1.0406540880122397,-353199.7341347286,7.172543853942114,-2.20752816577824
132,DS1.133_spec_neid.fits,59384.24197440965,6.955444958672999,0.117,54.782266,1.0351368862960206,,neid,6.955716178755534,0.0163089562625444,-359596.6470233088,573.3995209458944,-45.34999999933999,0.1709971031449798,0.0997032647337653,6.8981523451349895,0.8930183551921661,-362597.4160008675,7.199514440929917,-0.2440694822569185
133,DS1.134_spec_neid.fits,59384.24305256873,7.537444958673007,0.118,54.835986,1.0359666596995611,,neid,6.959176924233162,0.0169522425607168,-359456.9730601611,595.4292671323501,-47.8166666660056,0.1712076046900085,0.0995046080223836,6.901642056489861,0.8930175736623238,-362453.5511549316,7.201040433417206,0.33640452525580056
134,DS1.135_spec_neid.fits,59384.245209541616,9.502444958672996,0.117,54.815835,1.0377479655647723,,neid,6.95750179853202,0.0169500862756234,-359430.50653184525,595.4661672079708,-45.14999999934015,0.1713507493771155,0.0993435081231668,6.89995316522045,0.893016010125562,-362428.3144772173,7.204124332475381,2.298320626197615
135,DS1.136_spec_harpsn.fits,59385.95971436657,9.745485101777945,0.097,300.0,1.0142768294186375,-0.371277590273821,harpsn,6.914410511039925,0.0126526206001264,-453966.6795810174,564.2930774161514,-44.44999999934124,0.1741168171665752,0.1051729177694975,6.856690423665579,0.8915543444973767,-457788.20203447685,10.40688876757175,-0.6614036657938058
136,DS1.137_spec_harpsn.fits,59385.9634752413,9.588485101777962,0.097,300.0,1.0147869933092055,-0.38033316807704,harpsn,6.918443604475859,0.0122618507584536,-453943.8791223782,546.4835766530321,-43.04999999934223,0.1738830614427052,0.1062253613361112,6.860757779720939,0.8915517911549067,-457760.6771934343,10.394153869631516,-0.8056687678535539
137,DS1.138_spec_harpsn.fits,59385.96724091887,8.978485101777949,0.097,300.0,1.015775775688276,-0.389394259024443,harpsn,6.914835368444812,0.0130002009356356,-454062.2252277672,579.899644722399,-50.44999999934019,0.17403735819481,0.1057665330648223,6.857119521716264,0.8915492345311081,-457884.031995678,10.381319086910382,-1.4028339851324336
138,DS1.139_spec_expres.fits,59386.1801116447,7.01401568816388,0.111,180.93400000001267,1.064391297566996,-3.0029496380879e-06,expres,6.79005820912903,0.0145120823891261,-349238.17880342616,513.9903027088017,-54.19999999935631,0.172270444723046,0.1000559064810762,6.710084271088899,1.0390666765159426,-353400.5635581471,9.54856656533619,-2.5345508771723093
139,DS1.140_spec_expres.fits,59386.18769365471,8.995015688163875,0.111,181.2539999999956,1.055043098409159,-3.0586380587386e-06,expres,6.786066745191907,0.0148740879141922,-349268.39347505925,527.237506213918,-53.16666666602284,0.1720556897308699,0.1038358240194454,6.706046136681613,1.0390606733473695,-353436.0757142866,9.516155847180304,-0.5211401590164293
140,DS1.141_spec_expres.fits,59386.190250504704,5.832015688163878,0.112,182.66400000000723,1.052366475145851,-3.0775437239802e-06,expres,6.786140530283983,0.0146490792664792,-349190.26245834376,519.0930935356115,-52.64999999935671,0.1720746574769595,0.1006875830081548,6.706121115882136,1.0390586489138645,-353356.903626003,9.505201891827785,-3.6731862036639065
141,DS1.142_spec_neid.fits,59386.28827425649,7.704444958672994,0.118,54.823002,1.107758273049373,,neid,6.958427614540226,0.0161735499387007,-359578.0593263595,568.2851678609878,-46.66666666600657,0.1712471618737734,0.0996737643670827,6.901070131745942,0.891597388690677,-362566.6526832272,9.079591938935568,-1.3751469802625742
142,DS1.143_spec_neid.fits,59386.29152099088,8.988444958673,0.118,54.829626,1.1163653881123434,,neid,6.958168305156873,0.0163508437475549,-359598.9353663566,574.6280379347568,-44.433333332673946,0.1713170491415796,0.0991456471033844,6.90080895211814,0.8915951823870627,-362587.9128078638,9.065420614789298,-0.0769756561162982
143,DS1.144_spec_neid.fits,59386.29260179259,8.131444958673,0.118,54.841805,1.1193471643021813,,neid,6.959843989167997,0.0167278195514247,-359624.7438676699,587.7525746895798,-45.78333333267248,0.1707900764619092,0.0994638199751276,6.902498655847407,0.8915944479316991,-362612.47365012375,9.060703692617441,-0.9292587339444403
144,DS1.145_spec_harpsn.fits,59390.96726836029,12.091485101777948,0.102,300.0,1.0126830675127494,-0.357455479952851,harpsn,6.919261986965862,0.0122072504547315,-453830.3945143958,543.6233670083867,-46.58333333267423,0.174408836847682,0.1049417642498672,6.861984104572065,0.8884596743077753,-457618.5764115829,10.368769344436794,1.7227157573411542
145,DS1.146_spec_harpsn.fits,59391.00860062053,10.838485101777962,0.101,300.0,1.0556741437992618,-0.454509931214558,harpsn,6.919241237711082,0.0116002356900466,-453724.2563962248,516.4309931557899,-43.09999999934172,0.1741314307997486,0.1034485024122823,6.861966168016704,0.8884366126155292,-457511.3762640331,10.505855539466133,0.33262956231182983
146,DS1.147_spec_harpsn.fits,59391.01612157,12.063485101777928,0.101,300.0,1.0704606601251774,-0.47151487287967,harpsn,6.916619978605489,0.0123878095898073,-453664.0787661309,551.6618324401064,-46.8333333326742,0.174980896637532,0.1062909817729923,6.859323565073206,0.8884324161555585,-457453.5668133315,10.529652329673532,1.5338327721043967
147,DS1.148_spec_neid.fits,59391.28405118871,11.998444958673003,0.12,54.82039,1.0917323500713805,,neid,6.962739929332352,0.0166638336093664,-359624.67135761504,585.1212832568488,-47.533333332671056,0.1709185299420601,0.0995858725612059,6.905811434546794,0.888546990317246,-362589.2601567999,11.09712804096506,0.901316917707943
148,DS1.149_spec_neid.fits,59391.28513241371,11.792444958673002,0.119,54.828637,1.0942813201939392,,neid,6.957571866693484,0.0164865687396535,-359589.5882677704,579.3094018577414,-48.333333332671856,0.1710752986201625,0.099381754102851,6.900600814372077,0.8885463864605335,-362558.3438585544,11.098180520430365,0.6942644382426373
149,DS1.150_spec_neid.fits,59391.28729135867,12.306444958672998,0.119,54.854391,1.0995261232354467,,neid,6.958802724235001,0.0162008511698622,-359664.17893991875,569.2600852671972,-47.56666666600585,0.1709204302541571,0.099515957215233,6.901841987228458,0.8885451807031517,-362632.4788148189,11.100250021225218,1.2061949374477798
150,DS1.151_spec_harpsn.fits,59391.8914158982,8.85148510177794,0.091,300.0,1.087976635445444,-0.175807773266734,harpsn,6.918801913722715,0.011606881059384,-454092.4486889443,517.5283051526368,-47.86666666600781,0.1730000136760287,0.1035910309767773,6.86158539508294,0.8879559602354167,-457878.9772473749,10.074424832346889,-1.2229397305689496
151,DS1.152_spec_harpsn.fits,59391.89892102124,11.263485101777974,0.092,300.0,1.070686164514711,-0.192313047115525,harpsn,6.921441799155507,0.010645623757121,-454079.4477338699,474.43181701030153,-47.93333333267441,0.1726598847398601,0.1029569198758066,6.864247802467095,0.8879519612133706,-457862.9094003664,10.045388294162052,1.2180968076159218
152,DS1.153_spec_harpsn.fits,59391.90268544012,11.27048510177798,0.091,300.0,1.06294104988031,-0.200712284973601,harpsn,6.921770566351134,0.0117037180944804,-454081.8759674436,521.5342144796491,-48.26666666600809,0.1723409909230858,0.105355967524504,6.864579568331905,0.8879499553719535,-457864.97665270994,10.030732762762302,1.2397523390156788
153,DS1.154_spec_expres.fits,59392.1025327947,8.919015688163867,0.112,230.58799999999025,1.303255572613919,-2.3774534405397e-06,expres,6.775051001531324,0.0154021017934769,-349530.30932033993,546.61958315026,-57.99999999935303,0.1722273129103948,0.101621767481881,6.695540966736874,1.0349141201562826,-353681.0071047072,9.191960856869251,-0.2729451687053839
154,DS1.155_spec_expres.fits,59392.10563121471,9.159015688163876,0.112,229.9489990000016,1.286443041475639,-2.3948100965165e-06,expres,6.775023796653783,0.0153461713912211,-349471.5067585422,544.6149226617499,-55.26666666602062,0.1719286540038478,0.1014628194247464,6.695513736422115,1.034912194636726,-353621.5244637514,9.178440277654884,-0.019424589491007893
155,DS1.156_spec_expres.fits,59392.1132212147,8.614015688163875,0.112,228.05800000000005,1.248488614196685,-2.4385627192895e-06,expres,6.772474138907807,0.015426378734084,-349575.4166091652,547.796049946127,-58.34999999935383,0.1722801151544935,0.0956840574532999,6.692934518921822,1.0349074777968144,-353729.811921853,9.145309983289433,-0.5312942951255586
156,DS1.157_spec_neid.fits,59392.13086099688,9.800444958672998,0.118,54.832973,1.1645467184279343,,neid,6.952304448921058,0.0163195871858355,-359730.6774680779,574.2421467351184,-46.21666666600695,0.1710322780438267,0.1000868100124141,6.895348400268755,0.8880921063711033,-362702.07742907177,9.06830116002142,0.7321437986515775
157,DS1.158_spec_neid.fits,59392.13194780282,9.654444958672997,0.118,54.763122,1.1606706961424964,,neid,6.954664760149592,0.0162449905197124,-359542.29031801113,571.0979969657012,-47.9333333326737,0.1704704410623964,0.1000928984722498,6.897728275758796,0.8880915267381841,-362510.0897415497,9.063557851132062,0.5908871075409348
158,DS1.159_spec_neid.fits,59392.13302461382,11.498444958673003,0.118,54.842705,1.1568942086542682,,neid,6.956009977216219,0.0166758484590698,-359738.09206221264,586.4641798350991,-47.89999999933923,0.1709507914966253,0.0998482596516711,6.899084668514645,0.8880909524354826,-362706.34117441927,9.058858467517286,2.4395864911557172
159,DS1.160_spec_expres.fits,59397.1817092147,7.400015688163876,0.105,177.96600000000282,1.052199453850916,-2.8287223361818e-06,expres,6.777733287971028,0.0154317699256862,-349818.50464293564,549.7432988169203,-53.7833333326883,0.1719862768579454,0.101918052941526,6.698678402778943,1.03217061526354,-353946.9102865237,11.138194681805109,-3.738178993641233
160,DS1.161_spec_expres.fits,59397.1842115147,10.352015688163874,0.105,178.33199999999323,1.049091816851086,-2.8468314271386e-06,expres,6.775047879425918,0.0154088213267311,-349832.491173641,549.1306778984443,-56.74999999935414,0.1715731837365702,0.0969896878277394,6.695961471106516,1.032169436657902,-353964.3840107991,11.139277183391236,-0.7872614952273622
161,DS1.162_spec_expres.fits,59397.1867079647,9.26101568816388,0.105,178.09100099999534,1.046206169103707,-2.8649622299754e-06,expres,6.7795611475404005,0.0153171941909046,-349680.2656932868,545.118502243215,-54.14999999935491,0.1718287078586149,0.0956609333411114,6.700528190719252,1.0321682608062972,-353804.7562637501,11.140298809123014,-1.8792831209591334
162,DS1.163_spec_neid.fits,59397.27307379663,11.447444958673003,0.119,54.804252,1.0635127442429315,,neid,6.957637735805139,0.017214810054201,-359618.3146474608,604.8658266042717,-46.8333333326723,0.1711582792452859,0.0998363127342123,6.901031109057348,0.8857158091184633,-362568.13176713744,11.139645088203377,0.3077998704696263
163,DS1.164_spec_neid.fits,59397.2752369195,10.377444958672996,0.119,54.822231,1.0675511905407244,,neid,6.960260861790657,0.0164442895344517,-359585.90113559726,577.5407336422068,-41.79999999934064,0.1710927112960282,0.0995888934340172,6.903675855559896,0.8857149346907106,-362533.1962986321,11.138730597409845,-0.7612856387368492
164,DS1.165_spec_neid.fits,59397.27739116175,11.981444958672997,0.119,54.851716,1.0717613071036929,,neid,6.960880492272349,0.0166605942925488,-359566.3846028944,585.0051189942349,-44.16666666600624,0.1708722667533755,0.0997131018887668,6.904300676012944,0.8857140638518439,-362512.9828071949,11.137776388309856,0.8436685703631408
165,DS1.166_spec_harpsn.fits,59397.83086770538,9.031485101777946,0.102,300.0,1.3427466054488104,-0.0351702854268381,harpsn,6.916284753344075,0.011161243381768,-453999.8337502326,497.2675971107232,-40.94999999934351,0.1738847681570597,0.1061124077708826,6.859398290081408,0.8852400168135045,-457764.9518803803,9.67242951791569,-0.640944416137744
166,DS1.167_spec_harpsn.fits,59397.83461262423,10.12948510177796,0.102,300.0,1.3186524504353865,-0.0413751982676727,harpsn,6.915088826710412,0.0107374900495686,-453914.1725411792,478.4526419915025,-45.64999999934205,0.1733404467769855,0.1001991766884301,6.858192625807916,0.8852386054669678,-457679.8865364682,9.656679815136467,0.472805286641492
167,DS1.168_spec_harpsn.fits,59397.838385112096,8.38748510177794,0.102,300.0,1.2957867706317885,-0.0477756327376688,harpsn,6.915772594289196,0.0119849705759542,-453634.8904253085,533.6068293690831,-47.799999999341146,0.1725796830533882,0.0988374253185239,6.85888224891405,0.8852371837272011,-457397.5218066241,9.6407789164716,-1.2532938146936594
168,DS1.169_spec_expres.fits,59398.1107160447,7.786015688163872,0.106,180.06000099999503,1.252431223655794,-2.3462824631441e-06,expres,6.771582972089284,0.0150861145560985,-349911.8048537392,537.7203714126302,-53.749999999356106,0.17174565380086,0.098268268913971,6.69251954612941,1.0317548510016046,-354045.55835043825,8.469374609355015,-0.683358921191143
169,DS1.170_spec_expres.fits,59398.11321577471,8.109015688163879,0.106,179.5780000000086,1.240646609696351,-2.3607479995149e-06,expres,6.765985779951924,0.0151540484164627,-349871.4583283809,540.563149666341,-54.46666666602327,0.1716552980026972,0.0955085589476966,6.686856344331055,1.0317537520121616,-354011.68949408346,8.459046076991985,-0.350030388828106
170,DS1.171_spec_expres.fits,59398.120613604704,6.99101568816387,0.106,176.43999900000475,1.208258638480206,-2.4046038681806e-06,expres,6.775120604860945,0.0152070214101277,-349767.2085588497,541.4386717267193,-54.56666666602266,0.1715044530145638,0.1009290886439614,6.696099619703372,1.0317504995975022,-353894.827764933,8.428592416046556,-1.4375767278826856
171,DS1.172_spec_neid.fits,59398.28742654666,7.607444958673,0.118,54.835232,1.0930385226520274,,neid,6.957056853737996,0.0163162275273668,-359606.8027914147,573.2946008545946,-47.49999999933974,0.1703914283747301,0.0993036773978198,6.900495067863676,0.8853292520480135,-362554.4178216989,7.802497220065886,-0.19505226139288645
172,DS1.173_spec_neid.fits,59398.28850717561,5.754444958673005,0.118,54.845448,1.09567629427889,,neid,6.959772966791408,0.0164881775750187,-359658.9877461028,579.1923867647777,-44.96666666600635,0.1711271593887759,0.0994761124630623,6.903233487776708,0.8853288442825629,-362604.6988865597,7.798912144336848,-2.0444671856638426
173,DS1.174_spec_neid.fits,59398.29066667052,9.460444958672994,0.117,54.828195,1.101110096005656,,neid,6.953355154375493,0.0159859147893773,-359724.84374893,562.2381849899335,-45.93333333267343,0.1710482799412181,0.0996695157209659,6.896763167110366,0.8853280294162258,-362676.59709801857,7.791769256189008,1.668675702483986
174,DS1.175_spec_harps.fits,59399.07468166433,9.86165383411867,0.123,29.9965,1.63098717309466,-0.228660744785473,harps,7.169399642262951,0.0129155510065588,-420112.6061296687,539.3468264149157,-38.83333333267103,0.1750121122167418,0.1038855913078231,6.940394578711296,1.797557877308817,-433974.6298193132,7.749961462521348,2.1116923715973215
175,DS1.176_spec_harps.fits,59399.076093526535,8.155653834118652,0.123,29.9965,1.62724681223487,-0.231927641661827,harps,7.172548247569522,0.0123165404138027,-419898.58992246666,513.7631620536556,-40.116666666002885,0.1750319146711777,0.1021573887926112,6.943647287502956,1.7975568726650797,-433740.7662865853,7.754515342929394,0.4011384911892586
176,DS1.177_spec_harps.fits,59399.07750506511,9.55165383411861,0.123,29.9965,1.6236893563473,-0.235199595610053,harps,7.169194042996911,0.0124272784421417,-419860.3499164136,518.6571730196392,-36.149999999338654,0.1752672492085297,0.1037589984722684,6.940182715650655,1.7975558682628714,-433714.8520201679,7.759080775257506,1.7925730588611044
177,DS1.178_spec_neid.fits,59399.17873297769,6.985444958673,0.12,54.759887,1.0448402700606187,,neid,6.962121985657623,0.016860753410926,-359662.9948348478,592.1115102849168,-46.78333333267235,0.1712547760589327,0.0991916911023746,6.9056421145774864,0.8850138578299314,-362604.606815823,8.116503564494517,-1.1310586058215168
178,DS1.179_spec_neid.fits,59399.17981568489,8.657444958672997,0.12,54.813921,1.043340729394864,,neid,6.9608825883742185,0.0163971839345512,-359488.57651772484,575.631101823496,-43.41666666600667,0.1710041510219489,0.0984694047954167,6.904392627246799,0.8850134789659457,-362429.8194060708,8.120615139573246,0.5368298190997507
179,DS1.180_spec_neid.fits,59399.18089561768,8.158444958673002,0.12,54.740757,1.0418892436391305,,neid,6.957895605569815,0.0167953382748178,-359605.58333399903,590.0293978221832,-45.333333332672936,0.171907107522238,0.0995111296578652,6.90138124355825,0.885013101072591,-362550.3387968112,8.124721580870256,0.0337233778027457
180,DS1.181_spec_expres.fits,59399.1938310247,4.104015688163869,0.104,169.02500100000069,1.037899436676282,-2.886082552475e-06,expres,6.775188438832614,0.0149950601396334,-349792.0937958305,534.2470285096687,-56.79999999935469,0.171771896851992,0.1014417975331286,6.696237112749086,1.0313035011735885,-353916.2831269005,8.174319699364283,-4.070304011200413
181,DS1.182_spec_expres.fits,59399.2074562047,6.463015688163878,0.105,168.16100000001413,1.029119855618144,-2.9863286809042e-06,expres,6.772861499302815,0.0150248075054062,-349778.3698963235,535.4589170532123,-55.4666666660216,0.1715640032567524,0.0999620519486733,6.693883583988247,1.0312979456738172,-353905.2367785946,8.227353867967077,-1.7643381798031985
182,DS1.183_spec_expres.fits,59399.2100298847,6.640015688163871,0.105,168.34699999999856,1.028138682218196,-3.0053611291354e-06,expres,6.772804162657148,0.0151745917961119,-349586.2211929988,540.5182624426801,-54.78333333268879,0.1715390873758198,0.0954220265711804,6.693825732525649,1.0312968962832405,-353710.8835383701,8.237459085554494,-1.5974433973906237
183,DS1.184_spec_harpsn.fits,59399.92806961804,8.731485101777935,0.104,300.0,1.022510405790349,-0.223882955883302,harpsn,6.918899933312441,0.0120662141351799,-453703.0797125832,536.9888458531467,-46.78333333267504,0.1754640245487665,0.104292551588719,6.8621299001923015,0.8845052402771254,-457456.5409901482,10.923568987721245,-2.19208388594331
184,DS1.185_spec_harpsn.fits,59399.93558590904,8.59948510177793,0.104,300.0,1.0158940977471176,-0.241405352106178,harpsn,6.915621522599602,0.0111244508709037,-453803.48997419456,495.3543869744796,-44.06666666600984,0.1773762670198408,0.1059278271657758,6.858824666075165,0.884502822992515,-457561.365844362,10.938357166956145,-2.338872065178215
185,DS1.186_spec_harpsn.fits,59399.93934332484,10.508485101777978,0.104,300.0,1.0133088884263308,-0.25021544215393,harpsn,6.914519721882449,0.0120896026700329,-453892.3238541518,538.5344491085611,-47.51666666600812,0.1744775358228035,0.0975497863172444,6.85771389590628,0.8845016145803534,-457652.1378026704,10.945571713952981,-0.437086612175003
186,DS1.187_spec_harps.fits,59400.16253942668,9.145653834118662,0.119,29.9965,1.72836268393783,-0.426984031849157,harps,7.171000057940836,0.01246984097202,-419867.2341500461,520.1665235366444,-38.59999999933783,0.1737530619066896,0.1043548228610765,6.942237232996617,1.7968260994829002,-433702.8337358903,11.147877688694102,-2.0022238545754405
187,DS1.188_spec_harps.fits,59400.163245363605,9.876653834118656,0.119,29.9965,1.732067419042,-0.428544393809957,harps,7.171429644977104,0.0121095232807731,-419746.009148952,504.9661262170708,-37.63333333267105,0.173549678782158,0.1052923395330573,6.942681094683068,1.796825637168711,-433575.8667752891,11.147786124944732,-1.2711322908260758
188,DS1.189_spec_harps.fits,59400.16395106863,12.07365383411866,0.119,29.9965,1.73583183454561,-0.43010177324587,harps,7.172685646117138,0.0121404198150834,-419670.6692074669,506.0863476184187,-35.18333333267121,0.1736160403598955,0.1031007784325948,6.943978590729316,1.7968251749983173,-433492.9530369733,11.147689913974755,0.9259639201439054
189,DS1.190_spec_expres.fits,59400.178399774704,8.221015688163874,0.106,177.2440000000053,1.054914080841553,-2.7561297067156e-06,expres,6.772075788688463,0.0146258079980348,-349894.6526141571,520.7617183479202,-53.0333333326905,0.1721304470521403,0.0981538797611228,6.6931457689581455,1.03092686608612,-354020.8427178379,11.144692475724701,-2.9236767875608276
190,DS1.191_spec_expres.fits,59400.1822296347,9.593015688163874,0.106,177.09399999999712,1.049792989412054,-2.7836132440585e-06,expres,6.770977689433305,0.0151302031934354,-349778.64975315705,538.6340690407172,-56.04999999935568,0.1720221057386762,0.0940207976360578,6.692034939423358,1.0309254290881542,-353904.8219498401,11.14356964226749,-1.5505539541036164
191,DS1.192_spec_expres.fits,59400.1846939647,8.88301568816388,0.106,177.26399999999103,1.046772271182483,-2.8013830183522e-06,expres,6.771035963067746,0.0152809291483049,-349630.3104833256,543.8080637882433,-54.94999999935611,0.1717946123191435,0.0996388421257724,6.692094042919982,1.030924504448143,-353754.65300965525,11.14277447383559,-2.2597587856717105
192,DS1.193_spec_neid.fits,59400.28531165652,7.074444958672999,0.118,54.865539,1.0863392607727085,,neid,6.954665169727462,0.0161025298494674,-359559.38363517314,565.9411799790696,-47.1499999993405,0.1711028542825113,0.0992958643284776,6.898170800108298,0.8846509116897716,-362504.08902269485,11.062177965941235,-3.9877330072682353
193,DS1.194_spec_neid.fits,59400.28747558778,9.507444958673004,0.118,54.815759,1.0914330722160726,,neid,6.9552065885564645,0.0164336545456207,-359799.4203950498,577.8780989749511,-47.649999999338725,0.1713363968900332,0.0993917352674009,6.898716742037862,0.8846502148452544,-362745.62253605766,11.059426995594308,-1.551982036921304
194,DS1.195_spec_neid.fits,59400.2896422087,9.644444958673006,0.118,54.823061,1.0967401989311718,,neid,6.9543409909010085,0.0164010668917444,-359620.16775921994,576.5384522636851,-46.56666666600677,0.1712818199993715,0.0990389217355975,6.897844145061611,0.8846495171339189,-362565.63952566695,11.056630472504846,-1.4121855138318402
195,DS1.196_spec_harpsn.fits,59405.83082549598,12.128485101777926,0.102,300.0,1.3411186475664083,0.0173668009253354,harpsn,6.920561268380544,0.0106683171876554,-453678.6820373767,474.5143113035769,-44.56666666600911,0.1751874411343419,0.1063722313331089,6.863984006708485,0.8831148425086379,-457418.1863083041,11.03221291535234,1.0962721864255869
196,DS1.197_spec_harpsn.fits,59405.83835866766,11.50048510177794,0.103,300.0,1.2942764591001192,0.0049346798238934,harpsn,6.913119427492062,0.0116976488954385,-453906.2938210405,521.1865182835323,-42.433333332676405,0.1765679545695019,0.1053274326018948,6.856480899349079,0.8831137501077795,-457655.8243417629,11.042946118765686,0.45753898301225426
197,DS1.198_spec_harpsn.fits,59405.84586896838,12.787485101777976,0.103,300.0,1.2527787303370916,-0.0080417704106108,harpsn,6.91579971095206,0.0106099004125828,-453832.35914900905,472.4062074474293,-40.54999999934389,0.175428770377329,0.0984452036993813,6.859183455044071,0.8831126610202579,-457578.32820688747,11.053143711073123,1.734341390704854
198,DS1.199_spec_harps.fits,59406.05201281232,12.946653834118706,0.119,29.9966,1.75818676377414,-0.126880195702477,harps,7.176596761569028,0.0124011425510174,-419709.5527564471,516.6095855614166,-34.066666666004444,0.1730249599855408,0.1039452772188137,6.948727541057735,1.7940810010444896,-433473.06385436485,11.130154974996234,1.816498859122472
199,DS1.200_spec_harps.fits,59406.0527188652,12.80565383411863,0.12,29.9965,1.75444063053113,-0.128434663322644,harps,7.176337004095692,0.0124519457652749,-419678.5693436154,518.6764298519099,-34.08333333267011,0.1731891476245557,0.1026220750898678,6.94845931901272,1.794080792043217,-433442.10690931353,11.129736516555234,1.6759173175633961
200,DS1.201_spec_harps.fits,59406.05342469781,12.550653834118634,0.12,29.9965,1.75075727882386,-0.129990847620346,harps,7.174924707323228,0.0124853790043906,-419566.5526638435,520.059011419331,-35.049999999337885,0.1731640970023268,0.106109137035704,6.947000749753475,1.794080583107113,-433332.1002133287,11.129313551347805,1.4213402827708297
201,DS1.202_spec_neid.fits,59406.25834637459,13.033444958673002,0.116,54.864465,1.0355289881013303,,neid,6.951549123484797,0.0166801266045353,-359456.2502955925,586.4058938505378,-46.61666666600687,0.1709468624697812,0.0997465964730994,6.895200959501431,0.8833113518532354,-362393.7571000303,10.817583959309127,2.2158609993638745
202,DS1.203_spec_neid.fits,59406.259424714815,11.866444958673,0.116,54.873932,1.0368604658855989,,neid,6.956182937520476,0.0163423764407066,-359544.01875631826,574.2597552952548,-47.71666666600602,0.1712630945648122,0.0994482395967208,6.899872635985984,0.8833111951191513,-362478.280470875,10.815001679463247,1.051443279209753
203,DS1.204_spec_neid.fits,59406.26267387064,12.539444958673002,0.116,54.825506,1.0411222476401951,,neid,6.953393538780464,0.0163636003763809,-359626.6271693131,575.4165258474195,-48.81666666600567,0.1712212134846938,0.0996134773365988,6.897060524022576,0.8833107228621884,-362563.9440197447,10.807165863216236,1.7322790954567662
204,DS1.205_spec_harpsn.fits,59406.92416838135,9.543485101777948,0.105,300.0,1.0256720065272849,-0.160982332966346,harpsn,6.919255140423322,0.0122027178223805,-453719.9105845946,543.0359809504807,-46.449999999341465,0.1748303186874733,0.1048574243231408,6.862685522498944,0.8829717535447886,-457459.956941419,8.253098856591414,1.290386245186534
205,DS1.206_spec_harpsn.fits,59406.92793340234,9.203485101777972,0.105,300.0,1.0215392104257834,-0.169620458999413,harpsn,6.919876775383254,0.0114893888957453,-453977.4031590566,511.5359343962808,-43.166666666008766,0.1766702230058788,0.10535282266673,6.863312336648434,0.8829713223530825,-457718.88770010887,8.238264215262612,0.9652208865153593
206,DS1.207_spec_harpsn.fits,59406.93545725288,9.039485101777927,0.105,300.0,1.0147491324202105,-0.187006521819633,harpsn,6.918067897960017,0.0116771728531087,-453957.1664277241,520.0394160124923,-45.399999999342185,0.1760603209373125,0.1003374200725953,6.8614886581813295,0.882970460680257,-457700.4578107016,8.208793614921317,0.83069148685661
207,DS1.208_spec_neid.fits,59407.19663726257,10.856444958672997,0.123,54.849376,1.0229419765428422,,neid,6.95855209625402,0.0165696413606934,-359357.7119679185,581.6994047574436,-46.34999999933981,0.1713058707213648,0.099971015601642,6.902275510839526,0.8831987594795339,-362287.6768671985,7.382766893519762,3.4736780651532344
208,DS1.209_spec_neid.fits,59407.19772747762,8.836444958672999,0.123,54.735834,1.0220908078392614,,neid,6.960483577788146,0.0159766754246404,-359269.13794823247,560.5819140819161,-45.61666666600628,0.1706917817837334,0.0999961887074721,6.904222751988343,0.8831986342748687,-362196.7344513335,7.380311371467121,1.456133587205878
209,DS1.210_spec_neid.fits,59407.20097756151,9.655444958673002,0.123,54.813245,1.0197853275359636,,neid,6.956623059464153,0.0169660349175941,-359240.0676501031,595.6173413317291,-50.5166666660053,0.1709108065268775,0.1001328156105316,6.900330805345201,0.8831982610220906,-362170.7145637561,7.373047972666939,2.282396986006063
210,DS1.211_spec_harps.fits,59408.14256037909,9.567653834118689,0.117,29.9965,1.67904305771947,-0.316483007904591,harps,7.172799269564439,0.0129331150194776,-419792.0350176282,539.138559710381,-33.583333332670826,0.1748246509943548,0.1049177668395863,6.9449260077086885,1.7936142586731385,-433566.0306245434,8.960416190238188,0.6072376438805005
211,DS1.212_spec_harps.fits,59408.14397110648,12.179653834118652,0.117,29.9965,1.6834898611903,-0.319696173329906,harps,7.175201347380847,0.0125590199438781,-419710.4732055915,523.3032381721737,-31.93333333267157,0.1738358500207799,0.1031938127292927,6.947406936111793,1.7936140163150107,-433472.1113284955,8.966557116475785,3.213096717642866
212,DS1.213_spec_harps.fits,59408.1446772753,10.572653834118682,0.117,29.9965,1.68579036711842,-0.321302207922256,harps,7.171634776461411,0.0125807512507899,-420092.6608406752,524.9401860251676,-32.716666666004144,0.1728771339380534,0.1033102705823419,6.943723393297137,1.7936138949976927,-433881.2140370455,8.96963161785519,1.6030222162634917
213,DS1.214_spec_expres.fits,59408.3069242647,10.65401568816388,0.108,164.41999999999803,1.146127286779864,-3.4536002565086e-06,expres,6.779138594390542,0.0147466677840418,-349261.77230824286,523.5744266692758,-53.949999999355725,0.1718737349796956,0.0956703263834656,6.700575985973498,1.0290780039193594,-353356.7808433798,9.670849485361051,0.9831662028028294
214,DS1.215_spec_expres.fits,59408.3152785147,10.704015688163878,0.107,164.76399900000018,1.17460894794632,-3.505247788945e-06,expres,6.778164380885127,0.0149083876486444,-349349.6962383791,529.4963135626342,-53.21666666602281,0.1720857918221575,0.0989196113528218,6.699590474245082,1.0290771845223323,-353446.9273336955,9.705861717176239,0.998153970987639
215,DS1.216_spec_expres.fits,59408.3176975947,10.963015688163878,0.107,165.14400100000765,1.183577395167411,-3.5198714491672e-06,expres,6.779476706489661,0.0147703894611265,-349465.9022683494,524.6543961728299,-53.46666666602272,0.1715104381179789,0.1020381674258245,6.700918224427428,1.029076947255296,-353562.8797116246,9.71596509178307,1.2470505963808076
216,DS1.217_spec_harps.fits,59410.08885939277,4.434653834118649,0.122,29.9965,1.64903969961097,-0.171873809631933,harps,7.171293861384423,0.0122177187362341,-419583.58602398686,509.4032727136338,-29.48333333267361,0.1737235462640819,0.1050064070021303,6.943419748865376,1.7934262843496471,-433353.7800711492,7.448518123324776,-3.0138642892061274
217,DS1.218_spec_harps.fits,59410.09027057232,7.127653834118632,0.122,29.9965,1.64679110186445,-0.175143865244931,harps,7.175089243316545,0.0120842964727342,-419473.9147406373,503.3447786356083,-31.433333332673065,0.1747762541914972,0.1034769376078244,6.947339638256411,1.7934262182392908,-433225.2243626878,7.445031824478814,-0.3173779903601819
218,DS1.219_spec_harps.fits,59410.09097639376,6.47265383411866,0.122,29.9965,1.64573246347115,-0.176780847081171,harps,7.172727240595744,0.0128536205905246,-419517.9547629664,535.7161588582097,-29.59999999933849,0.1741260310885528,0.1041921471011794,6.944900185482785,1.7934261851733428,-433280.2173798501,7.443293893856757,-0.9706400597380975
219,DS1.220_spec_neid.fits,59410.1628648578,6.109444958672995,0.12,54.712296,1.0697833743787208,,neid,6.953750886492781,0.0168593340620648,-359367.8073634799,592.2227241537244,-47.799999999338695,0.1713973020183362,0.099977672243398,6.897458157639764,0.8830188871183959,-362300.7420875578,7.287202460740284,-1.1777575020672888
220,DS1.221_spec_neid.fits,59410.16394638873,7.176444958673002,0.12,54.823975,1.0676040829159623,,neid,6.957874987646899,0.0164097417187982,-359206.45840464265,575.8087411585838,-46.28333333267286,0.1713325689484683,0.0995103005544741,6.901615900065841,0.8830188625848848,-362134.5592864776,7.285180208654519,-0.10873524998151662
221,DS1.222_spec_neid.fits,59410.16502652362,8.187444958672998,0.12,54.695972,1.0654820550781177,,neid,6.955501553632526,0.0165358746159944,-359283.3036986116,580.567843532671,-47.01666666600713,0.1712045647488282,0.0992205152053969,6.899223115262686,0.883018838083043,-362214.0544406457,7.28317048335907,0.9042744753139278
222,DS1.223_spec_expres.fits,59410.2984590647,4.086015688163869,0.109,164.2609989999933,1.119291651789577,-3.3331211512096e-06,expres,6.778122931405744,0.0145422906115993,-349523.8323993491,517.4564835702845,-53.63333333268813,0.1717770705730466,0.0999612732274525,6.699563208931504,1.028981672713274,-353622.3824712134,7.114083979584876,-3.0280682914210075
223,DS1.224_spec_expres.fits,59410.31100230471,5.204015688163878,0.109,167.04300000000922,1.157592303486374,-3.4125471316974e-06,expres,6.779019238556125,0.0151850759448892,-349424.5622464138,540.0097292672835,-55.14999999935505,0.1716612261897908,0.1006239566523692,6.700470075712462,1.0289813415198024,-353520.8430343779,7.1065250907267865,-1.9025094025629086
224,DS1.225_spec_expres.fits,59410.319457264704,5.449015688163868,0.109,167.10999999999885,1.188141954875868,-3.4639159061999e-06,expres,6.780296887880367,0.0152237968551828,-349478.1802809832,541.3398656569537,-53.79999999935541,0.1719479721296749,0.0987794176029449,6.701762734239079,1.0289811182740611,-353573.5167160145,7.102257014453945,-1.6532413262900771
225,DS1.226_spec_harpsn.fits,59414.94787259351,11.759485101777956,0.094,300.0,1.0070391658945883,-0.135676455620772,harpsn,6.918489458574251,0.0119743609076629,-453779.16331884434,533.3708706012918,-48.59999999934112,0.1758501081913579,0.1060489696388361,6.86190463418107,0.8830408709722234,-457521.12938199495,10.965918050811542,0.7935670509664146
226,DS1.227_spec_harpsn.fits,59414.95916156981,11.791485101777935,0.093,300.0,1.004615261443938,-0.162043795073171,harpsn,6.918588494826809,0.0115696146201128,-453891.1849829587,515.4124573965229,-43.249999999342926,0.1751816021793362,0.1043786766229213,6.862004298963252,0.8830423329375168,-457633.9788654542,10.944929802418827,0.8465552993591086
227,DS1.228_spec_harpsn.fits,59414.966703394406,10.953485101777972,0.093,300.0,1.0052773204654188,-0.179684859597737,harpsn,6.914398911750693,0.0115455848687335,-454070.9237316499,514.9473794525575,-40.83333333267647,0.1751672483080276,0.1030194133761547,6.85778002156205,0.8830433096307205,-457819.8033527203,10.930307326606936,0.023177775171035364
228,DS1.229_spec_harps.fits,59415.08184981344,10.734653834118715,0.124,29.9965,1.67635529046789,-0.104876451459789,harps,7.174791156012716,0.0122023777836995,-419858.82500176673,508.56281495014827,-35.69999999933637,0.1738531696665394,0.1008772640542474,6.946878677370406,1.7940191677612245,-433633.509997737,10.650427949451629,0.08422588466708625
229,DS1.230_spec_harps.fits,59415.08326249893,12.446653834118706,0.123,29.9966,1.67307543630592,-0.108120541059199,harps,7.1738463281054425,0.0117687928624531,-419851.60479751934,490.6035383199159,-33.533333332671056,0.1734587222837638,0.1047505648514986,6.945902751819933,1.7940195376673638,-433629.8680019216,10.646372362207963,1.8002814719107434
230,DS1.231_spec_harps.fits,59415.08396843632,12.287653834118714,0.123,29.9966,1.67150646344246,-0.109743420483303,harps,7.175913823299333,0.0124065015111612,-419876.7034547014,517.0183124455991,-31.58333333267027,0.173866782548121,0.1053145441402558,6.948038027720363,1.794019722514269,-433647.4596686261,10.644340443939846,1.643313390178868
231,DS1.232_spec_expres.fits,59415.1119324147,8.540015688163876,0.104,181.11999900000663,1.243297358007817,-1.8848804108909e-06,expres,6.77777177874778,0.0153099109068539,-349657.716494251,545.5650089932371,-53.81666666602285,0.1716801685838316,0.1021392054124046,6.699153785371754,1.029334175440192,-353761.1284952185,10.561070610573102,-2.021054922409226
232,DS1.233_spec_expres.fits,59415.1144461347,8.691015688163873,0.104,180.33199999999675,1.231665889134432,-1.8991367045716e-06,expres,6.779112497889047,0.0155758443436563,-349584.72942201927,554.8734631301407,-53.416666666022415,0.1720342364856805,0.0979047832317439,6.700510177187466,1.0293345541866654,-353685.6367093415,10.553325176751542,-1.8623094885876696
233,DS1.234_spec_expres.fits,59415.119494474704,7.339015688163869,0.104,180.19199900000052,1.209658171954904,-1.9283140813466e-06,expres,6.777145142870186,0.0156426960303943,-349689.0108808004,557.526160623915,-56.23333333268899,0.171900444608657,0.0989532438377628,6.698519619824705,1.0293353148281887,-353793.5717306915,10.537643440141188,-3.1986277519773196
234,DS1.235_spec_neid.fits,59415.24659642063,8.524444958673001,0.108,54.791065,1.020681606817267,,neid,6.9562217809221645,0.0162667634783904,-359774.7725248548,572.1597195441665,-47.66666666600584,0.1710472458950098,0.0995409161604374,6.899908671817077,0.8833356021124886,-362711.0484934344,10.092940081684961,-1.5684951230119601
235,DS1.236_spec_neid.fits,59415.24767744493,11.131444958673,0.108,54.820984,1.0215299302428291,,neid,6.9545491030255935,0.0164097880668377,-359700.51890296245,577.2557445502048,-48.03333333267247,0.1710535493930777,0.1000290105876099,6.898222321261308,0.8833357418594232,-362637.6194609281,10.08879608671616,1.0426488719568408
236,DS1.237_spec_neid.fits,59415.24983847465,7.716444958672994,0.108,54.831723,1.0233417792014132,,neid,6.956519330067353,0.0163086496402741,-359631.7941747306,573.4501531198152,-46.833333332673,0.1709227848078617,0.0994285992960425,6.900208595630517,0.8833360212215222,-362566.6518933277,10.080496306672543,-2.364051347999549
237,DS1.238_spec_harpsn.fits,59417.97695428364,11.394485101777946,0.105,300.0,1.008690306151992,-0.175374762494075,harpsn,6.917588824988336,0.0112049325606094,-454133.1885774722,499.305101061904,-46.416666666008965,0.1747098554667109,0.1077927915618139,6.860928442046024,0.8835700678086686,-457883.6081582861,10.719544451899212,0.6749406498787334
238,DS1.239_spec_harpsn.fits,59417.98448078472,10.112485101777963,0.105,300.0,1.013583432234578,-0.192856726236763,harpsn,6.9117157731260415,0.0109179790045092,-454045.39129043167,486.8292971667317,-44.64999999934288,0.1753150938784593,0.1049707326912525,6.855006636192988,0.8835716984090254,-457801.5542870602,10.699124152915577,-0.5866390511376132
239,DS1.240_spec_harpsn.fits,59417.98823658049,10.813485101777928,0.105,300.0,1.0167309895499117,-0.201539552220223,harpsn,6.915752106104349,0.0116961901917793,-453950.2967959598,521.0494966078899,-45.79999999934165,0.1759832391171327,0.0966873637953939,6.859076235832228,0.8835725120941363,-457701.2433150835,10.688778955505056,0.12470614627287269
240,DS1.241_spec_neid.fits,59418.14496080249,9.977444958673004,0.107,54.808718,1.1146968543363909,,neid,6.9545451854246005,0.016178321592641,-359665.2626055559,569.0758271339191,-46.5333333326733,0.1712540186312877,0.099958758130397,6.898150973057173,0.8838619173959638,-362605.6214466114,10.174740950115819,-0.1972959914428145
241,DS1.242_spec_neid.fits,59418.1460351357,8.238444958673,0.107,54.848319,1.1116483298302795,,neid,6.953645436518364,0.0161326585986563,-359517.595393623,567.3177342657706,-46.183333332674,0.1710107273350147,0.1000521680655254,6.897243837702447,0.883862149935327,-362457.51859480265,10.170731564641224,-1.9322866059682244
242,DS1.243_spec_neid.fits,59418.147118450586,9.564444958672992,0.107,54.777404,1.108631386470322,,neid,6.951600932706764,0.0164277476940856,-359546.9173654606,577.9341994943609,-47.04999999934031,0.1710185696477809,0.0998018600182186,6.895182580107595,0.883862384418708,-362488.8329020253,10.16668297245408,-0.6022380137810881
243,DS1.244_spec_expres.fits,59418.1674740047,7.845015688163869,0.108,205.7920000000053,1.070197933491958,-2.1449499120579e-06,expres,6.786925681339821,0.0152000512727186,-349005.1143471057,539.293655309304,-53.91666666602181,0.1720665852160003,0.1090157311234302,6.708316831775028,1.029973537793014,-353094.797529794,10.089576355026228,-2.244560666862359
244,DS1.245_spec_expres.fits,59418.1703019447,8.234015688163879,0.108,206.09800100000976,1.06507733010883,-2.16447584099e-06,expres,6.7871688510675225,0.0153754926421318,-348925.2732414525,545.359455318101,-58.09999999935291,0.1720537282649172,0.0995774824454651,6.708562741367478,1.029974251152572,-353013.7284535364,10.078713564158576,-1.8446978759946973
245,DS1.246_spec_expres.fits,59418.1731397847,8.673015688163872,0.108,206.24199999999144,1.060236632861062,-2.184188806442e-06,expres,6.781414426939189,0.0151127174281917,-349032.31152919994,536.6740578490917,-56.599999999354615,0.17207951819396,0.0994442809565446,6.702740722811374,1.02997496700892,-353129.09312107065,10.067777048747788,-1.3947613605839155
246,DS1.247_spec_expres.fits,59419.113189414704,5.698015688163878,0.106,207.20899900000128,1.240009133328495,-1.7738858261047e-06,expres,6.7747242521462345,0.0150520085874866,-349578.6941462289,535.8686646246699,-52.08333333269025,0.171550115956942,0.1059589723352515,6.695931966992873,1.030234820815774,-353692.2520928278,7.091886004831068,-1.39387031666719
247,DS1.248_spec_expres.fits,59419.1215822647,8.178015688163867,0.106,203.05699899999323,1.203227534700317,-1.8223456002334e-06,expres,6.773856706067124,0.0151893283956952,-349594.99664312514,540.7901930700699,-53.2833333326902,0.1718183979879057,0.1043496748032938,6.695053843102431,1.030237211660459,-353709.838324644,7.090963740767114,1.0870519473967537
248,DS1.249_spec_expres.fits,59419.12747350471,5.763015688163875,0.106,200.9180009999998,1.180093276309811,-1.857516856182e-06,expres,6.773656849291206,0.0153759774638062,-349530.347655593,547.34624565259,-54.79999999935606,0.1722793675477236,0.0993174398115383,6.694851375627156,1.0302388898759602,-353644.6891191298,7.090711582650913,-1.3276958944870376
249,DS1.250_spec_neid.fits,59419.19042973684,6.325444958673003,0.109,54.833797,1.0282696094627095,,neid,6.953096517515531,0.0164057106024102,-359561.26443983504,576.9942098752468,-44.54999999934008,0.1713737583395338,0.0998187185595886,6.896658678079483,0.8841098687140445,-362503.68363978434,7.108351113067251,-0.7829061543942482
250,DS1.251_spec_neid.fits,59419.19259753868,8.428444958672998,0.11,54.817466,1.026059260946016,,neid,6.953075788771189,0.0161665232042483,-359653.6205473092,568.6934436050533,-47.16666666600735,0.1714193992226642,0.0999728330236712,6.896637711776694,0.8841103985903693,-362596.8168664572,7.109618712405537,1.3188262462674603
251,DS1.252_spec_neid.fits,59419.1936827516,7.110444958673,0.11,54.814071,1.025012926844208,,neid,6.955357275328679,0.0163978475911173,-359715.0811653627,576.7563432083604,-49.083333332672304,0.1710494052836762,0.0997890407159492,6.898937828502,0.8841106638490978,-362656.8276195368,7.110269708870366,0.00017524980263416978
252,DS1.253_spec_harpsn.fits,59419.92129404608,11.36748510177796,0.103,300.0,1.0300239618900118,-0.029786224137659,harpsn,6.9134697902023445,0.0111720647105852,-454062.0453857581,498.0057946871132,-45.68333333267627,0.1756617129358443,0.1056909126008101,6.856713871187895,0.8840471869193152,-457820.5088654343,9.390511258590909,1.9769738431870518
253,DS1.254_spec_harpsn.fits,59419.92517431218,12.16948510177798,0.103,300.0,1.0251649501612816,-0.0385848531167955,harpsn,6.913365792106106,0.0110389033326289,-453868.3403375461,491.9001836977216,-43.18333333267721,0.1768290734475916,0.1075485879767226,6.856608876178123,0.884048242223385,-457625.3239573074,9.407291245540339,2.7621938562376407
254,DS1.255_spec_harpsn.fits,59419.92893139504,12.493485101777935,0.103,300.0,1.0209663071187534,-0.0471535474264482,harpsn,6.917946466120934,0.0114878688074228,-453701.2097386695,511.34982400071897,-42.94999999934224,0.176232695843382,0.1047824298589383,6.86122731053972,0.8840492640226528,-457451.78501301183,9.423519442094317,3.069965659683618
255,DS1.256_spec_neid.fits,59420.17416913852,9.119444958673,0.105,54.67652,1.0502725829867725,,neid,6.950824763555013,0.0162292170111006,-359745.6654286811,571.3769828770469,-44.54999999934028,0.1711892057656033,0.0995916967593061,6.8943348285200425,0.8843710566866779,-362693.3042908251,10.392374013163844,-1.2729290544908434
256,DS1.257_spec_neid.fits,59420.17632098773,10.149444958673,0.105,54.691333,1.0468305700290166,,neid,6.951924035741109,0.0165937229650633,-359670.8055726537,583.9858404001714,-45.64999999933941,0.1703708174961548,0.0998093037196243,6.895443031335567,0.8843716415176975,-362616.8915981312,10.399677437055473,-0.25023247838247364
257,DS1.258_spec_neid.fits,59420.17847271774,10.055444958672991,0.105,54.706106,1.043559207786636,,neid,6.953548431060776,0.0165148235300995,-359659.1428170904,581.0617298183198,-48.93333333267209,0.1709549650255479,0.0995026938040693,6.89708065404696,0.8843722263159007,-362603.744061627,10.406953016690728,-0.3515080580177372
258,DS1.259_spec_expres.fits,59420.255223734704,9.010015688163875,0.112,258.09400000000016,1.035086957237522,-2.7239617522878e-06,expres,6.774825795498544,0.0156864172610861,-349475.10981585726,557.7316013248068,-55.73333333268838,0.1726449265045148,0.0982827339075933,6.695980528229499,1.030586883733677,-353590.1842730101,10.647287055473136,-1.6372713673092605
259,DS1.260_spec_expres.fits,59420.2655032647,8.409015688163876,0.112,260.1459989999992,1.047024710790316,-2.7970116907074e-06,expres,6.77228105802221,0.0157428862061938,-349530.4312051051,560.1212634776439,-54.183333332690175,0.1721565215519342,0.0972440888047247,6.693405313681689,1.0305901394949188,-353649.3320693053,10.676450050650587,-2.2674343624867106
260,DS1.261_spec_expres.fits,59420.27718847471,10.72201568816388,0.112,261.1090010000044,1.065097728686439,-2.8784557196172e-06,expres,6.77654248942454,0.0158382748218208,-349310.04111379205,562.6031982769806,-54.36666666602205,0.1722264056763277,0.101919981414214,6.697716360595967,1.0305938404537756,-353421.1077549449,10.708675219855412,0.0133404683084688
261,DS1.262_spec_harpsn.fits,59420.87302439378,10.947485101777945,0.104,300.0,1.1419502540775888,0.0806949678194669,harpsn,6.916634433096658,0.0109403075158397,-453742.179623949,486.6193614963159,-44.8166666660087,0.1721091500646393,0.1072880906143936,6.859869766933203,0.8843181903670935,-457496.8461447024,10.781656041632093,0.16582906014585141
262,DS1.263_spec_harpsn.fits,59420.87678861989,10.727485101777972,0.104,300.0,1.1293083339097951,0.0732006100060537,harpsn,6.91540392501024,0.0124761044461597,-453804.9242143166,555.1900357588867,-46.18333333267444,0.1743762356074917,0.1019048071887404,6.858628929751221,0.8843193145163388,-457561.4727438667,10.772173665826069,-0.04468856404809607
263,DS1.264_spec_harpsn.fits,59420.88810062453,10.973485101777952,0.104,300.0,1.0957708495247047,0.0500503460760006,harpsn,6.922412303850598,0.0113419716909731,-453769.3465378087,504.2869704286548,-45.41666666600808,0.1748504781474829,0.1058363087319048,6.8656948286119714,0.8843226927275857,-457517.9331439379,10.743027975427552,0.23045712635039983
264,DS1.265_spec_harps.fits,59421.13442876188,10.633653834118718,0.129,29.9966,1.67653736538814,-0.174913443099365,harps,7.17145553521803,0.0116113269099468,-419649.2795256459,484.0430497198549,-33.716666666006034,0.1745487625162184,0.1045096623533506,6.942732499829652,1.7967303441024285,-433474.3054810614,9.904869078102946,0.7287847560157719
265,DS1.266_spec_harps.fits,59421.13584121408,11.2546538341187,0.129,29.9965,1.67971168656334,-0.178159297991834,harps,7.171312729385147,0.012133151719569,-419655.3895195285,505.8381044840133,-34.866666666005464,0.1747380815029816,0.1048511548322563,6.942584767921309,1.7967311993919608,-433481.2087166709,9.899179137960717,1.3554746961579838
266,DS1.267_spec_harps.fits,59421.1372526367,9.921653834118615,0.128,29.9965,1.68307166419997,-0.181398079287262,harps,7.171578389900987,0.0120422717890328,-419648.7465244636,502.1382341402359,-34.44999999933862,0.1749904613168771,0.1055769314007704,6.942858959277279,1.7967320540576015,-433473.285223867,9.893486153215143,0.028167680903472103
267,DS1.268_spec_neid.fits,59421.25048149468,10.568444958672998,0.109,54.815674,1.022732104791325,,neid,6.955068535504166,0.0164517680145538,-359577.2956135876,578.5143973206433,-45.46666666600654,0.1711730018068605,0.0996616547167735,6.898572990051563,0.8846858394317763,-362522.0372981878,9.418144665090466,1.1503002935825322
268,DS1.269_spec_neid.fits,59421.25156629363,11.244444958673,0.109,54.812994,1.0236897125706577,,neid,6.954005270518183,0.0166132339286851,-359768.13716741075,584.5744541414892,-46.03333333267209,0.1712131703545765,0.0995188111993591,6.897500974632632,0.884686163188142,-362715.3560728468,9.413459150999369,1.8309858076736312
269,DS1.270_spec_neid.fits,59421.252649906535,12.052444958672991,0.109,54.784417,1.0246849478544706,,neid,6.952525170650303,0.0162228321107416,-359610.7298418062,570.7497947686804,-43.68333333267357,0.1718729168387331,0.099390770005335,6.896008705691311,0.8846864865904075,-362557.93134333694,9.40877716180983,2.643667796863161
270,DS1.271_spec_expres.fits,59421.3317382647,6.049015688163877,0.109,240.32300000000967,1.227749919352145,-3.2004983645793e-06,expres,6.776473812387814,0.0145443394674022,-349517.4037008895,517.5979350624218,-54.98333333269015,0.1716982180254641,0.0995692778675326,6.697591089614527,1.0309563163849085,-353633.94113825687,9.064472346439931,-3.0154566582760545
271,DS1.272_spec_expres.fits,59421.3349216147,7.528015688163876,0.108,239.00899900000817,1.242374929302908,-3.2183642927127e-06,expres,6.7758189554048025,0.0150928403751291,-349672.66035288764,537.4984269479061,-58.58333333268846,0.1719631504604018,0.0989107142523474,6.696928348673356,1.0309574235428902,-353791.84558175504,9.05058044811321,-1.5225647599493346
272,DS1.273_spec_expres.fits,59421.3445347147,6.972015688163879,0.109,241.3179990000053,1.290801314287842,-3.2704486342605e-06,expres,6.77835427792553,0.015292038920786,-349505.9241914579,544.0536785329598,-55.41666666602174,0.1715911686533052,0.1005717748522497,6.69949301172162,1.030960766937576,-353620.0384504447,9.008651958618653,-2.0366362704547747
273,DS1.274_spec_harpsn.fits,59421.82507906386,7.983485101777944,0.101,300.0,1.3909485598534563,0.17186066972162,harpsn,6.922642267581684,0.0125644299097627,-453492.3675342198,558.078253146655,-47.13333333267278,0.1752349603738182,0.1052955295789936,6.865889280328966,0.8846131104456094,-457240.9054880159,7.321873778684048,0.6616113230938963
274,DS1.275_spec_harpsn.fits,59421.828848360085,8.305485101777947,0.102,300.0,1.3639551332148545,0.166075720900081,harpsn,6.924852427610452,0.0126098568648525,-453514.92608786473,559.9032207219662,-47.51666666600768,0.1752058912215024,0.1045607957575947,6.868117545891138,0.8846143340488383,-457261.2387445157,7.314304338577455,0.9911807632004921
275,DS1.276_spec_harpsn.fits,59421.83260404503,7.333485101777967,0.102,300.0,1.3386226706170763,0.160156417782113,harpsn,6.920780957471861,0.012368540812355,-453976.5929912235,550.0963278154848,-48.26666666600732,0.1757973600469108,0.1061149549301453,6.864012265744101,0.884615553231829,-457731.1983534189,7.306880354155966,0.026604747622000602
276,DS1.277_spec_harps.fits,59422.07894885864,7.031653834118629,0.133,29.9965,1.69217344116412,-0.039599632662468,harps,7.171215032118372,0.0120426771909599,-419618.2054856219,501.90844211259065,-32.31666666600497,0.1740903030308164,0.1041440602450876,6.942326966602864,1.7973372876728446,-433452.9902444981,7.094887526784761,-0.06323369266613188
277,DS1.278_spec_harps.fits,59422.081101161406,9.404653834118676,0.133,29.9965,1.68640646335333,-0.0445242394435545,harps,7.173264109669466,0.0104612978378603,-419618.1953048281,435.9097971542736,-35.31666666600452,0.1746028673591058,0.1040686710975979,6.944443215115713,1.7973387046145228,-433444.7049106212,7.095512692840195,2.309141141278481
278,DS1.279_spec_harps.fits,59422.08180701824,8.978653834118631,0.133,29.9965,1.68461261723735,-0.0461418886960101,harps,7.170259102045738,0.0111680825703651,-419558.30658712407,465.5240242173309,-37.08333333267133,0.1745165030720377,0.1046512587463179,6.941339027949667,1.7973391693090457,-433395.01997121534,7.09572717347924,1.8829266606393915
279,DS1.280_spec_neid.fits,59422.23516905864,9.876444958673003,0.112,54.836445,1.0132673674925103,,neid,6.960988988213715,0.0163930662439942,-359627.3167364817,575.996147670139,-44.266666666006174,0.1709408772198793,0.0996950397521878,6.904501494701794,0.8850010190351745,-362569.5198392618,7.251194475130455,2.6252504835425485
280,DS1.281_spec_neid.fits,59422.2362457956,8.118444958672995,0.112,54.827414,1.0136776700359462,,neid,6.959369577863913,0.0166266513652318,-359585.1780085884,584.2425396778619,-46.86666666600557,0.1707326963224864,0.0996875754357241,6.902868787634018,0.885001368363797,-362528.4248437069,7.253031939849643,0.8654130188233529
281,DS1.282_spec_neid.fits,59422.23732616564,4.840444958673004,0.112,54.832971,1.0141270657389494,,neid,6.959138883863757,0.0168060599335406,-359583.62280912494,590.5488309904173,-44.83333333267315,0.1710550525926708,0.0994831836826646,6.902636160373799,0.885001718870959,-362527.0568159379,7.254885675591485,-2.414440716918481
282,DS1.283_spec_expres.fits,59422.2787719447,6.7900156881638765,0.107,244.17999900000248,1.067554679963732,-2.8439206983297e-06,expres,6.776114406918318,0.0156115211850437,-349366.9224906027,555.4391072684971,-56.43333333268804,0.1720937103521452,0.0959760665637904,6.697172712139234,1.0313118439267612,-353485.0209997199,7.333509623933029,-0.5434939357691526
283,DS1.284_spec_expres.fits,59422.2930588047,6.8370156881638735,0.107,227.8970000000026,1.097736719882563,-2.940301378788e-06,expres,6.776942861581494,0.0154151639797432,-349431.79431972455,548.453274590445,-59.31666666602069,0.1723125913133875,0.1005086791430038,6.698010099149777,1.0313172454817006,-353549.67655621574,7.363937723823483,-0.5269220356596094
284,DS1.285_spec_expres.fits,59422.29626079471,6.825015688163873,0.107,227.23299999998864,1.105648924619806,-2.9613782688055e-06,expres,6.776757911454599,0.0155014162098552,-349290.2880445567,551.2972831235625,-57.01666666602161,0.1721638930403502,0.1005252383800961,6.697822783010092,1.0313184560810713,-353406.7412032091,7.370985965333147,-0.5459702771692738
285,DS1.286_spec_harpsn.fits,59423.91491960732,11.751485101777972,0.105,300.0,1.040126193219346,0.0113704984101798,harpsn,6.913952808483047,0.0117118198767297,-453572.179419902,521.1691043613686,-42.48333333267623,0.1759158413508804,0.1016611988863183,6.857033876218754,0.8853416619130852,-457337.1956971156,10.42300220525523,1.3284828965227415
286,DS1.287_spec_harpsn.fits,59423.91867846109,11.21248510177793,0.105,300.0,1.0344575290507578,0.0029438133330878,harpsn,6.91689545461212,0.0110150636111743,-453633.390007806,489.8815938850332,-41.13333333267688,0.1759112069269239,0.0984860715654178,6.860000756472553,0.8853430697926106,-457395.6832941691,10.410381730382289,0.8021033713956403
287,DS1.288_spec_harpsn.fits,59423.92621735016,11.784485101777932,0.105,300.0,1.0246418665125847,-0.014125837605675,harpsn,6.915358128007128,0.0110941272149254,-453669.1186259645,493.7017509144171,-43.18333333267626,0.1767953207139534,0.1067881659487569,6.858450312388145,0.8853458934773503,-457433.4265058597,10.384816010030763,1.3996690917471692
